corpus_id,filename,creator_label,title_label,first_publication_year,language,translation_status,source_repository,source_url,textual_unit,genre_form,inclusion_status,text_quality,ocr_status,rights_status,word_count,bytes,sha256,notes
BGH001,BGH001_Joseph_Sheridan_Le_Fanu_Madam_Crowl_s_Ghost.txt,Joseph Sheridan Le Fanu,Madam Crowl's Ghost,,English,review_required,,,review_required,ghost/supernatural fiction,active,not_yet_audited,not_yet_audited,review_required,6047,30261,4568240f8e0b8ffaa425133b862d54051e581c06092a8f4c44cc235e079379e7,"Creator and title labels derive from the preserved corpus filename and, where available, an explicit file header; bibliographic verification remains ongoing."
BGH002,BGH002_Joseph_Sheridan_Le_Fanu_The_Dead_Sexton.txt,Joseph Sheridan Le Fanu,The Dead Sexton,,English,review_required,,,review_required,ghost/supernatural fiction,active,not_yet_audited,not_yet_audited,review_required,7236,39888,f28e82d3eefcc4407f1c0256b145230e58baccbae710119d72130ad92b6bb5da,"Creator and title labels derive from the preserved corpus filename and, where available, an explicit file header; bibliographic verification remains ongoing."
BGH003,BGH003_Joseph_Sheridan_Le_Fanu_An_Account_of_Some_Strange_Disturbances_in_Aungier_Street.txt,Joseph Sheridan Le Fanu,An Account of Some Strange Disturbances in Aungier Street,,English,review_required,,,review_required,ghost/supernatural fiction,active,not_yet_audited,not_yet_audited,review_required,8490,47303,dac6a1974eb062c75edcd5bf0c13876a150fbdf74aaab16db493939afbf78d7d,"Creator and title labels derive from the preserved corpus filename and, where available, an explicit file header; bibliographic verification remains ongoing."
BGH004,BGH004_Joseph_Sheridan_Le_Fanu_Schalken_the_Painter.txt,Joseph Sheridan Le Fanu,Schalken the Painter,,English,review_required,,,review_required,ghost/supernatural fiction,active,not_yet_audited,not_yet_audited,review_required,8031,46205,6fff923d726ad3b410f13bfc89f2c7230c2a2d8994c61732a9e57fe70af1e90e,"Creator and title labels derive from the preserved corpus filename and, where available, an explicit file header; bibliographic verification remains ongoing."
BGH005,BGH005_Joseph_Sheridan_Le_Fanu_An_Authentic_Narrative_of_a_Haunted_House.txt,Joseph Sheridan Le Fanu,An Authentic Narrative of a Haunted House,,English,review_required,,,review_required,ghost/supernatural fiction,active,not_yet_audited,not_yet_audited,review_required,5467,31114,3fb2f04af8cc3464a5de1472699f6599eceec38bb8e08a96c96f6937f57c32fa,"Creator and title labels derive from the preserved corpus filename and, where available, an explicit file header; bibliographic verification remains ongoing."
BGH006,BGH006_Joseph_Sheridan_Le_Fanu_Ultor_De_Lacy_A_Legend_of_Cappercullen.txt,Joseph Sheridan Le Fanu,Ultor De Lacy A Legend of Cappercullen,,English,review_required,,,review_required,ghost/supernatural fiction,active,not_yet_audited,not_yet_audited,review_required,9226,52252,b6ee2803d4a77dc90e97326c1785b2d8d7a4023a32df1cf4101abe89ee386a59,"Creator and title labels derive from the preserved corpus filename and, where available, an explicit file header; bibliographic verification remains ongoing."
BGH007,BGH007_Joseph_Sheridan_Le_Fanu_The_Haunted_Baronet.txt,Joseph Sheridan Le Fanu,The Haunted Baronet,,English,review_required,,,review_required,ghost/supernatural fiction,active,not_yet_audited,not_yet_audited,review_required,50762,277710,b369d9e926af8ae483ac553d697dacb16d42e5e0d3e843a672a60f7966cc4db7,"Creator and title labels derive from the preserved corpus filename and, where available, an explicit file header; bibliographic verification remains ongoing."
BGH008,BGH008_Henry_James_The_Jolly_Corner.txt,Henry James,The Jolly Corner,,English,review_required,,,review_required,ghost/supernatural fiction,active,not_yet_audited,not_yet_audited,review_required,14183,79726,34dceda4cbcbc950501dab5a6a2d4a2e3818647cbf56c3545ba25552df8049d4,"Creator and title labels derive from the preserved corpus filename and, where available, an explicit file header; bibliographic verification remains ongoing."
BGH009,BGH009_Joseph_Sheridan_Le_Fanu_Ghost_Stories_of_Chapelizod.txt,Joseph Sheridan Le Fanu,Ghost Stories of Chapelizod,,English,review_required,,,review_required,ghost/supernatural fiction,active,not_yet_audited,not_yet_audited,review_required,10132,57717,2dd1226a16a43c74d1af217462d721f0d33bf32eb07742177f9c2a5e06ca8c05,"Creator and title labels derive from the preserved corpus filename and, where available, an explicit file header; bibliographic verification remains ongoing."
BGH010,BGH010_Joseph_Sheridan_Le_Fanu_The_Drunkard_s_Dream.txt,Joseph Sheridan Le Fanu,The Drunkard's Dream,,English,review_required,,,review_required,ghost/supernatural fiction,active,not_yet_audited,not_yet_audited,review_required,5010,27898,42ca9e7de3409aa28409012a223858a871f677d51514f4087bba58ac6b71a00d,"Creator and title labels derive from the preserved corpus filename and, where available, an explicit file header; bibliographic verification remains ongoing."
BGH011,BGH011_Joseph_Sheridan_Le_Fanu_The_Ghost_and_the_Bone_Setter.txt,Joseph Sheridan Le Fanu,The Ghost and the Bone Setter,,English,review_required,,,review_required,ghost/supernatural fiction,active,not_yet_audited,not_yet_audited,review_required,3737,19865,e4dd3ddb5be7c28bbcdf57c0ee12ac6eec5804375ec7f0aab6aace72b880c31f,"Creator and title labels derive from the preserved corpus filename and, where available, an explicit file header; bibliographic verification remains ongoing."
BGH012,BGH012_Joseph_Sheridan_Le_Fanu_The_Mysterious_Lodger.txt,Joseph Sheridan Le Fanu,The Mysterious Lodger,,English,review_required,,,review_required,ghost/supernatural fiction,active,not_yet_audited,not_yet_audited,review_required,21533,121586,6cdc708caf348d2e143c51b59386999eef64816afaf0558cd4738555ddec802d,"Creator and title labels derive from the preserved corpus filename and, where available, an explicit file header; bibliographic verification remains ongoing."
BGH013,BGH013_Joseph_Sheridan_Le_Fanu_A_Chapter_in_the_History_of_a_Tyrone_Family.txt,Joseph Sheridan Le Fanu,A Chapter in the History of a Tyrone Family,,English,review_required,,,review_required,ghost/supernatural fiction,active,not_yet_audited,not_yet_audited,review_required,14468,81823,2c70dbc3745ebb6984534e7d393652e3796cfbda2c1c593779711b0d9c4908e8,"Creator and title labels derive from the preserved corpus filename and, where available, an explicit file header; bibliographic verification remains ongoing."
BGH014,BGH014_Joseph_Sheridan_Le_Fanu_The_Murdered_Cousin.txt,Joseph Sheridan Le Fanu,The Murdered Cousin,,English,review_required,,,review_required,ghost/supernatural fiction,active,not_yet_audited,not_yet_audited,review_required,13384,75596,185744cf2ee17494a00c07e0771021fa03a99497a8de40e1e05dafdd83cd356f,"Creator and title labels derive from the preserved corpus filename and, where available, an explicit file header; bibliographic verification remains ongoing."
BGH015,BGH015_Charles_Dickens_The_Haunted_House.txt,Charles Dickens,The Haunted House,,English,review_required,,,review_required,ghost/supernatural fiction,active,not_yet_audited,not_yet_audited,review_required,11329,64138,23c749ad0072491c709dda2cd88584c1a43a16cc5219037133ca4acf4c2f46d8,"Creator and title labels derive from the preserved corpus filename and, where available, an explicit file header; bibliographic verification remains ongoing."
BGH016,BGH016_Charles_Dickens_The_Signal_Man.txt,Charles Dickens,The Signal Man,,English,review_required,,,review_required,ghost/supernatural fiction,active,not_yet_audited,not_yet_audited,review_required,5184,28279,d2e87502c58c7660ea09ba35ee6d3d5bd7fa89dfcfea7a21af70faa8b2833ff7,"Creator and title labels derive from the preserved corpus filename and, where available, an explicit file header; bibliographic verification remains ongoing."
BGH017,BGH017_Charles_Dickens_The_Trial_for_Murder.txt,Charles Dickens,The Trial for Murder,,English,review_required,,,review_required,ghost/supernatural fiction,active,not_yet_audited,not_yet_audited,review_required,4631,25782,950d557cf22b76ea5e64dfdf92ed1ab22b312d5f09eaa1a46f919323d17d45ed,"Creator and title labels derive from the preserved corpus filename and, where available, an explicit file header; bibliographic verification remains ongoing."
BGH019,BGH019_Walter_Scott_Death_of_the_Laird_s_Jock.txt,Walter Scott,Death of the Laird's Jock,,English,review_required,,,review_required,ghost/supernatural fiction,active,not_yet_audited,not_yet_audited,review_required,2029,11746,0468471c6fd3111a1c420851c96c1a6192e8e12d1b0d105ca9f44970a78957a7,"Creator and title labels derive from the preserved corpus filename and, where available, an explicit file header; bibliographic verification remains ongoing."
BGH020,BGH020_Walter_Scott_The_Tapestried_Chamber.txt,Walter Scott,The Tapestried Chamber,,English,review_required,,,review_required,ghost/supernatural fiction,active,not_yet_audited,not_yet_audited,review_required,2208,12597,3d7e10fad28f9a1978eb65011557ca922bed6bbd319e44262e198c8927fe9614,"Creator and title labels derive from the preserved corpus filename and, where available, an explicit file header; bibliographic verification remains ongoing."
BGH021,BGH021_Henry_James_The_Turn_of_the_Screw.txt,Henry James,The Turn of the Screw,,English,review_required,,,review_required,ghost/supernatural fiction,active,not_yet_audited,not_yet_audited,review_required,42878,234842,0fea5ae1c05152a2ad7909650997ea5652d902bc9624f03c0f1797b15717a737,"Creator and title labels derive from the preserved corpus filename and, where available, an explicit file header; bibliographic verification remains ongoing."
BGH022,BGH022_F_Marion_Crawford_By_the_Waters_of_Paradise.txt,F Marion Crawford,By the Waters of Paradise,,English,review_required,,,review_required,ghost/supernatural fiction,active,not_yet_audited,not_yet_audited,review_required,9612,51499,f18da6093bbe076acda826568fe5212a0c49466f5d51db3c9c134bbc61b4e535,"Creator and title labels derive from the preserved corpus filename and, where available, an explicit file header; bibliographic verification remains ongoing."
BGH023,BGH023_F_Marion_Crawford_The_Upper_Berth.txt,F Marion Crawford,The Upper Berth,,English,review_required,,,review_required,ghost/supernatural fiction,active,not_yet_audited,not_yet_audited,review_required,8537,46356,bcfc31806b557e35988581505d15783b47617a3cafd22a2dfb9f88749b5bc656,"Creator and title labels derive from the preserved corpus filename and, where available, an explicit file header; bibliographic verification remains ongoing."
BGH024,BGH024_Charles_Dickens_A_Christmas_Carol.txt,Charles Dickens,A Christmas Carol,,English,review_required,,,review_required,ghost/supernatural fiction,active,not_yet_audited,not_yet_audited,review_required,28552,158405,c64c849fa6dc80a049d8809a2e7ddf4888bd7897ef1ec6ae2f58e1383e6ccbb5,"Creator and title labels derive from the preserved corpus filename and, where available, an explicit file header; bibliographic verification remains ongoing."
BGH025,BGH025_Charles_Dickens_The_Haunted_Man_and_the_Ghost_s_Bargain.txt,Charles Dickens,The Haunted Man and the Ghost's Bargain,,English,review_required,,,review_required,ghost/supernatural fiction,active,not_yet_audited,not_yet_audited,review_required,33949,191422,2224a22c8ce8c06d164da61ed1991da2c2cb562e92e108b577afbc6a0a7c2957,"Creator and title labels derive from the preserved corpus filename and, where available, an explicit file header; bibliographic verification remains ongoing."
BGH026,BGH026_Friedrich_Schiller_English_translation_The_Ghost_Seer.txt,Friedrich Schiller (English translation),The Ghost Seer,,English,review_required,,,review_required,ghost/supernatural fiction,active,not_yet_audited,not_yet_audited,review_required,45533,259391,79d71e4ce6630e33f414802640b0e22d30b0ee25613fa09720b8eccf819d7ac7,"Creator and title labels derive from the preserved corpus filename and, where available, an explicit file header; bibliographic verification remains ongoing."
BGH027,BGH027_Charlotte_Riddell_The_Uninhabited_House.txt,Charlotte Riddell,The Uninhabited House,,English,review_required,,,review_required,ghost/supernatural fiction,active,not_yet_audited,not_yet_audited,review_required,52239,285843,123a24570bdd8aff6780cbb32a9a378653100f6c065f7b21b15d9e5b9a600c3e,"Creator and title labels derive from the preserved corpus filename and, where available, an explicit file header; bibliographic verification remains ongoing."
BGH028,BGH028_Charles_Dickens_To_Be_Read_at_Dusk.txt,Charles Dickens,To Be Read at Dusk,,English,review_required,,,review_required,ghost/supernatural fiction,active,not_yet_audited,not_yet_audited,review_required,4546,25771,35fff4f754a45c1d62ae1f6d5f80f7c573bb164e7c1cc9a8df0996961747aef3,"Creator and title labels derive from the preserved corpus filename and, where available, an explicit file header; bibliographic verification remains ongoing."
BGH029,BGH029_Lafcadio_Hearn_translator_reteller_A_DEAD_SECRET.txt,Lafcadio Hearn (translator/reteller),A DEAD SECRET,,English,review_required,,,review_required,ghost/supernatural fiction,active,not_yet_audited,not_yet_audited,review_required,905,5063,a63a4ea4d5ece5f64fde034c1934a65a852f3f1d28e02e816a33f071825e3e7e,"Creator and title labels derive from the preserved corpus filename and, where available, an explicit file header; bibliographic verification remains ongoing."
BGH030,BGH030_Lafcadio_Hearn_translator_reteller_BLOWING_HER_BREATH_UPON_HIM.txt,Lafcadio Hearn (translator/reteller),BLOWING HER BREATH UPON HIM,,English,review_required,,,review_required,ghost/supernatural fiction,active,not_yet_audited,not_yet_audited,review_required,993,5422,cf7c938c867a7b47425d07b307bb6ad4a8a4ee1adae9fe248e46f50347bdc36f,"Creator and title labels derive from the preserved corpus filename and, where available, an explicit file header; bibliographic verification remains ongoing."
BGH031,BGH031_Lafcadio_Hearn_translator_reteller_DIPLOMACY.txt,Lafcadio Hearn (translator/reteller),DIPLOMACY,,English,review_required,,,review_required,ghost/supernatural fiction,active,not_yet_audited,not_yet_audited,review_required,724,4149,0771bd0021aaaa3a785a7409e26b3819361912f33328be2aa2fb3a55610949cd,"Creator and title labels derive from the preserved corpus filename and, where available, an explicit file header; bibliographic verification remains ongoing."
BGH032,BGH032_Lafcadio_Hearn_translator_reteller_OF_A_MIRROR_AND_A_BELL.txt,Lafcadio Hearn (translator/reteller),OF A MIRROR AND A BELL,,English,review_required,,,review_required,ghost/supernatural fiction,active,not_yet_audited,not_yet_audited,review_required,1650,9298,4c802d74a1fc75d288ba0772966f1d22d2647cd0a0965b45c096fd657745e9fd,"Creator and title labels derive from the preserved corpus filename and, where available, an explicit file header; bibliographic verification remains ongoing."
BGH033,BGH033_Lafcadio_Hearn_translator_reteller_OSHIDORI.txt,Lafcadio Hearn (translator/reteller),OSHIDORI,,English,review_required,,,review_required,ghost/supernatural fiction,active,not_yet_audited,not_yet_audited,review_required,481,2638,95dc8b3ef2933397e2397544fac2465d04f5cffd4293d26f136a7a8a1a33ee1d,"Creator and title labels derive from the preserved corpus filename and, where available, an explicit file header; bibliographic verification remains ongoing."
BGH034,BGH034_Lafcadio_Hearn_translator_reteller_RIKI_BAKA.txt,Lafcadio Hearn (translator/reteller),RIKI BAKA,,English,review_required,,,review_required,ghost/supernatural fiction,active,not_yet_audited,not_yet_audited,review_required,672,3813,425ed2046a789c1e1de6acf4f19221669b2cef7dce861f2fc78731d3b7c190d2,"Creator and title labels derive from the preserved corpus filename and, where available, an explicit file header; bibliographic verification remains ongoing."
BGH035,BGH035_Lafcadio_Hearn_translator_reteller_THE_STORY_OF_MIMI_NASHI_HOICHI.txt,Lafcadio Hearn (translator/reteller),THE STORY OF MIMI NASHI HOICHI,,English,review_required,,,review_required,ghost/supernatural fiction,active,not_yet_audited,not_yet_audited,review_required,2297,14506,68ee14e3367dc3dfc60122865db116ced99ac98540d80a5485396e279ab49602,"Creator and title labels derive from the preserved corpus filename and, where available, an explicit file header; bibliographic verification remains ongoing."
BGH036,BGH036_Lafcadio_Hearn_translator_reteller_THE_STORY_OF_O_TEI.txt,Lafcadio Hearn (translator/reteller),THE STORY OF O TEI,,English,review_required,,,review_required,ghost/supernatural fiction,active,not_yet_audited,not_yet_audited,review_required,1097,5972,515ef7219e6f5739a1238e423e5632fad61137da7f2331bf7b5f7ee0dd6e62d8,"Creator and title labels derive from the preserved corpus filename and, where available, an explicit file header; bibliographic verification remains ongoing."
BGH037,BGH037_Joseph_Sheridan_Le_Fanu_Moll_Rial_s_Adventure.txt,Joseph Sheridan Le Fanu,Moll Rial's Adventure,,English,review_required,,,review_required,ghost/supernatural fiction,active,not_yet_audited,not_yet_audited,review_required,586,3258,dc01580f56b4352b44bf6d4428f78ce5b4b5193a0528a984b0a109542e0d5491,"Creator and title labels derive from the preserved corpus filename and, where available, an explicit file header; bibliographic verification remains ongoing."
BGH038,BGH038_Joseph_Sheridan_Le_Fanu_The_Banshee.txt,Joseph Sheridan Le Fanu,The Banshee,,English,review_required,,,review_required,ghost/supernatural fiction,active,not_yet_audited,not_yet_audited,review_required,361,2032,4a5aa7c98fe85153d7e234af951db28861533c32b6e935ec94514984a1896793,"Creator and title labels derive from the preserved corpus filename and, where available, an explicit file header; bibliographic verification remains ongoing."
BGH039,BGH039_Joseph_Sheridan_Le_Fanu_The_Earl_s_Hall.txt,Joseph Sheridan Le Fanu,The Earl's Hall,,English,review_required,,,review_required,ghost/supernatural fiction,active,not_yet_audited,not_yet_audited,review_required,9966,54232,0b939e74daf34b88066946db47b58398ef1bc22d23a5eb7374074bc46ab779b4,"Creator and title labels derive from the preserved corpus filename and, where available, an explicit file header; bibliographic verification remains ongoing."
BGH040,BGH040_Joseph_Sheridan_Le_Fanu_The_Governess_s_Dream.txt,Joseph Sheridan Le Fanu,The Governess's Dream,,English,review_required,,,review_required,ghost/supernatural fiction,active,not_yet_audited,not_yet_audited,review_required,632,3574,278800109d04008eae8c62fc2491cd5e5f193d34ec43ee1dddf35ddb0e7e0091,"Creator and title labels derive from the preserved corpus filename and, where available, an explicit file header; bibliographic verification remains ongoing."
BGH041,BGH041_Joseph_Sheridan_Le_Fanu_The_Magician_Earl.txt,Joseph Sheridan Le Fanu,The Magician Earl,,English,review_required,,,review_required,ghost/supernatural fiction,active,not_yet_audited,not_yet_audited,review_required,1100,5986,a12f04217fb9f8f648b3ffe5d5a004662f7090e6452d417f0338351f85256278,"Creator and title labels derive from the preserved corpus filename and, where available, an explicit file header; bibliographic verification remains ongoing."
BGH042,BGH042_F_Marion_Crawford_MAN_OVERBOARD.txt,F Marion Crawford,MAN OVERBOARD,,English,review_required,,,review_required,ghost/supernatural fiction,active,not_yet_audited,not_yet_audited,review_required,16280,82374,cfac5d969b8867b563b7a940bc46604bf2fc3a1004334101550b3fad1642ae60,"Creator and title labels derive from the preserved corpus filename and, where available, an explicit file header; bibliographic verification remains ongoing."
BGH043,BGH043_F_Marion_Crawford_THE_DOLL_S_GHOST.txt,F Marion Crawford,THE DOLL S GHOST,,English,review_required,,,review_required,ghost/supernatural fiction,active,not_yet_audited,not_yet_audited,review_required,5054,26763,aae4b79d96516a23ebc6ab108f91fd69308be49735d6ecec2fc324a2d0edc79a,"Creator and title labels derive from the preserved corpus filename and, where available, an explicit file header; bibliographic verification remains ongoing."
BGH044,BGH044_F_Marion_Crawford_THE_SCREAMING_SKULL.txt,F Marion Crawford,THE SCREAMING SKULL,,English,review_required,,,review_required,ghost/supernatural fiction,active,not_yet_audited,not_yet_audited,review_required,13106,67732,f69a5963f9fab071e7121bceb193a4889633a902fc3c15e681a02cf304854fb2,"Creator and title labels derive from the preserved corpus filename and, where available, an explicit file header; bibliographic verification remains ongoing."
BGH045,BGH045_W_T_Linskill_A_SPIRITUALISTIC_SEANCE.txt,W T Linskill,A SPIRITUALISTIC SEANCE,,English,review_required,,,review_required,ghost/supernatural fiction,active,not_yet_audited,not_yet_audited,review_required,1642,8969,5b83a5a7fa2e86de3d13521b5d0e01edf604f96c4ed178399634687779fcbc0c,"Creator and title labels derive from the preserved corpus filename and, where available, an explicit file header; bibliographic verification remains ongoing."
BGH046,BGH046_W_T_Linskill_A_VERY_PECULIAR_HOUSE.txt,W T Linskill,A VERY PECULIAR HOUSE,,English,review_required,,,review_required,ghost/supernatural fiction,active,not_yet_audited,not_yet_audited,review_required,2096,11585,bafe3295df6194ad6c1d3495c4c08857b8bb92a8ca7060669b37756a32eb1868,"Creator and title labels derive from the preserved corpus filename and, where available, an explicit file header; bibliographic verification remains ongoing."
BGH047,BGH047_W_T_Linskill_CONCERNING_MORE_APPEARANCES_OF_THE_WHITE_LADY.txt,W T Linskill,CONCERNING MORE APPEARANCES OF THE WHITE LADY,,English,review_required,,,review_required,ghost/supernatural fiction,active,not_yet_audited,not_yet_audited,review_required,1380,7450,7287ef03002552850613ba392dc9ff139a5ac07d02498b76021b0fbee3b94172,"Creator and title labels derive from the preserved corpus filename and, where available, an explicit file header; bibliographic verification remains ongoing."
BGH048,BGH048_W_T_Linskill_THE_APPARITION_OF_SIR_RODGER_DE_WANKLYN.txt,W T Linskill,THE APPARITION OF SIR RODGER DE WANKLYN,,English,review_required,,,review_required,ghost/supernatural fiction,active,not_yet_audited,not_yet_audited,review_required,1506,8825,9d29faba71a55047c31dc1492161a546a7b1245a86a492f12f30f4c8b2300243,"Creator and title labels derive from the preserved corpus filename and, where available, an explicit file header; bibliographic verification remains ongoing."
BGH049,BGH049_W_T_Linskill_THE_APPARITION_OF_THE_PRIOR_OF_PITTENWEEM.txt,W T Linskill,THE APPARITION OF THE PRIOR OF PITTENWEEM,,English,review_required,,,review_required,ghost/supernatural fiction,active,not_yet_audited,not_yet_audited,review_required,3430,18896,31b0e5714a2bcb8b469ba780e63e87f0bf91715b50c2699af433cc232d4948e6,"Creator and title labels derive from the preserved corpus filename and, where available, an explicit file header; bibliographic verification remains ongoing."
BGH050,BGH050_W_T_Linskill_THE_BEAUTIFUL_WHITE_LADY_OF_THE_HAUNTED_TOWER.txt,W T Linskill,THE BEAUTIFUL WHITE LADY OF THE HAUNTED TOWER,,English,review_required,,,review_required,ghost/supernatural fiction,active,not_yet_audited,not_yet_audited,review_required,1132,6046,d41674aed4f3b57fdc46185faf9229cfebcb30cc1579827b96f663b34dc4fc2d,"Creator and title labels derive from the preserved corpus filename and, where available, an explicit file header; bibliographic verification remains ongoing."
BGH051,BGH051_W_T_Linskill_THE_BEWITCHED_ERMENTRUDE.txt,W T Linskill,THE BEWITCHED ERMENTRUDE,,English,review_required,,,review_required,ghost/supernatural fiction,active,not_yet_audited,not_yet_audited,review_required,1777,10062,6a448e4e9a84a951a5261ddd48ed5e40a7cbf3cf2fca9c45993e141aadb157be,"Creator and title labels derive from the preserved corpus filename and, where available, an explicit file header; bibliographic verification remains ongoing."
BGH052,BGH052_W_T_Linskill_THE_HAUNTINGS_AND_MYSTERIES_OF_LAUSDREE_CASTLE.txt,W T Linskill,THE HAUNTINGS AND MYSTERIES OF LAUSDREE CASTLE,,English,review_required,,,review_required,ghost/supernatural fiction,active,not_yet_audited,not_yet_audited,review_required,5133,28007,f70e548720ce0f9f4da2e2c28fd0dc725b0cbe7402881f34174926edae2e63c0,"Creator and title labels derive from the preserved corpus filename and, where available, an explicit file header; bibliographic verification remains ongoing."
BGH053,BGH053_W_T_Linskill_THE_MONK_OF_ST_RULES_TOWER.txt,W T Linskill,THE MONK OF ST RULES TOWER,,English,review_required,,,review_required,ghost/supernatural fiction,active,not_yet_audited,not_yet_audited,review_required,1511,8221,1f006a0cfa133465d0c77e6c55d4db908e40403020161be80b4183cbaaf38985,"Creator and title labels derive from the preserved corpus filename and, where available, an explicit file header; bibliographic verification remains ongoing."
BGH054,BGH054_W_T_Linskill_THE_SCREAMING_SKULL_OF_GREYFRIARS.txt,W T Linskill,THE SCREAMING SKULL OF GREYFRIARS,,English,review_required,,,review_required,ghost/supernatural fiction,active,not_yet_audited,not_yet_audited,review_required,1663,9009,6dec727b81b06d6835bf21b848b7c7814ae650a97bfb79b651a4a26df6523978,"Creator and title labels derive from the preserved corpus filename and, where available, an explicit file header; bibliographic verification remains ongoing."
BGH055,BGH055_W_T_Linskill_THE_SMOTHERED_PIPER_OF_THE_WEST_CLIFFS.txt,W T Linskill,THE SMOTHERED PIPER OF THE WEST CLIFFS,,English,review_required,,,review_required,ghost/supernatural fiction,active,not_yet_audited,not_yet_audited,review_required,1340,7525,0a7fb0c8d39e7c3fe259d4dc21aa92af8fa27428f603f815f5a15ad933054560,"Creator and title labels derive from the preserved corpus filename and, where available, an explicit file header; bibliographic verification remains ongoing."
BGH056,BGH056_W_T_Linskill_THE_SPECTRE_OF_THE_CASTLE.txt,W T Linskill,THE SPECTRE OF THE CASTLE,,English,review_required,,,review_required,ghost/supernatural fiction,active,not_yet_audited,not_yet_audited,review_required,1946,10954,7cb9de78b8b420003e5178c75a089801cb36a8497f79f81bc61c678a4e509eb2,"Creator and title labels derive from the preserved corpus filename and, where available, an explicit file header; bibliographic verification remains ongoing."
BGH057,BGH057_W_T_Linskill_THE_VEILED_NUN_OF_ST_LEONARDS.txt,W T Linskill,THE VEILED NUN OF ST LEONARDS,,English,review_required,,,review_required,ghost/supernatural fiction,active,not_yet_audited,not_yet_audited,review_required,1261,6784,3f18508f52b840559142e5019f1304ddb1937af22e8e594c577d0c007231ea3b,"Creator and title labels derive from the preserved corpus filename and, where available, an explicit file header; bibliographic verification remains ongoing."
BGH058,BGH058_Rhoda_Broughton_BEHOLD_IT_WAS_A_DREAM.txt,Rhoda Broughton,BEHOLD IT WAS A DREAM,,English,review_required,,,review_required,ghost/supernatural fiction,active,not_yet_audited,not_yet_audited,review_required,6712,38039,3aaa127bd0580b43acd339152c1cf42d2d9a33b9dccf5b0ca22446ad7fc510bf,"Creator and title labels derive from the preserved corpus filename and, where available, an explicit file header; bibliographic verification remains ongoing."
BGH059,BGH059_Rhoda_Broughton_POOR_PRETTY_BOBBY.txt,Rhoda Broughton,POOR PRETTY BOBBY,,English,review_required,,,review_required,ghost/supernatural fiction,active,not_yet_audited,not_yet_audited,review_required,8708,47636,2843c353479b71ca72a608ab23b018718f9857212882d70d61601b77c0e155f1,"Creator and title labels derive from the preserved corpus filename and, where available, an explicit file header; bibliographic verification remains ongoing."
BGH060,BGH060_Rhoda_Broughton_THE_MAN_WITH_THE_NOSE.txt,Rhoda Broughton,THE MAN WITH THE NOSE,,English,review_required,,,review_required,ghost/supernatural fiction,active,not_yet_audited,not_yet_audited,review_required,6513,37301,f0f6b04361280e9394658c3a8b072677ea15ac3778974b501502954c6ee874d2,"Creator and title labels derive from the preserved corpus filename and, where available, an explicit file header; bibliographic verification remains ongoing."
BGH061,BGH061_Rhoda_Broughton_UNDER_THE_CLOAK.txt,Rhoda Broughton,UNDER THE CLOAK,,English,review_required,,,review_required,ghost/supernatural fiction,active,not_yet_audited,not_yet_audited,review_required,4060,22197,4c98b52699f5924fb949341d3627fe3ccec8a8ab9966a563c39444afd18c7870,"Creator and title labels derive from the preserved corpus filename and, where available, an explicit file header; bibliographic verification remains ongoing."
BGH062,BGH062_What_Means_The_Papers_Out_Of_Which_I_Have_Made_A_Connected_Story_Count_Magnus.txt,M. R. James,Count Magnus,,English,review_required,,,review_required,ghost/supernatural fiction,active,not_yet_audited,not_yet_audited,review_required,5353,29533,6ea73639ede4bc98e500a9974f885f1ff507e9fceaf952b5a3a75e20a089dce7,"Creator and title labels derive from the preserved corpus filename and, where available, an explicit file header; bibliographic verification remains ongoing."
BGH063,BGH063_M_R_James_Lost_Hearts.txt,M R James,Lost Hearts,,English,review_required,,,review_required,ghost/supernatural fiction,active,not_yet_audited,not_yet_audited,review_required,3934,21910,48c42e6f3714fcbabb8c2a54cb960f13ca17e48b98ea02ffea6c746d7940b919,"Creator and title labels derive from the preserved corpus filename and, where available, an explicit file header; bibliographic verification remains ongoing."
BGH064,BGH064_M_R_James_Number_13.txt,M R James,Number 13,,English,review_required,,,review_required,ghost/supernatural fiction,active,not_yet_audited,not_yet_audited,review_required,6123,33837,52ad14d42510112016f804f9fb62f19246a9a2442090a1387bc203979c3108a3,"Creator and title labels derive from the preserved corpus filename and, where available, an explicit file header; bibliographic verification remains ongoing."
BGH065,BGH065_M_R_James_Oh_Whistle_and_Ill_Come_to_You_My_Lad.txt,M R James,Oh Whistle and Ill Come to You My Lad,,English,review_required,,,review_required,ghost/supernatural fiction,active,not_yet_audited,not_yet_audited,review_required,7993,43733,862ff3f7dbf97a6e831041c3d259e23c55763c71a85af009da8adae04179ef4a,"Creator and title labels derive from the preserved corpus filename and, where available, an explicit file header; bibliographic verification remains ongoing."
BGH066,BGH066_M_R_James_The_Ash_tree.txt,M R James,The Ash tree,,English,review_required,,,review_required,ghost/supernatural fiction,active,not_yet_audited,not_yet_audited,review_required,5421,29420,76aea6f595df28d7b11afec1d2d31b038824b5d6ad91dc9890018b6ccc070045,"Creator and title labels derive from the preserved corpus filename and, where available, an explicit file header; bibliographic verification remains ongoing."
BGH067,BGH067_M_R_James_The_Mezzotint.txt,M R James,The Mezzotint,,English,review_required,,,review_required,ghost/supernatural fiction,active,not_yet_audited,not_yet_audited,review_required,4581,25415,854b9f39918ba0136b9f7c83ceb2a76b065ffc4e6e667273b47d22ef681432c1,"Creator and title labels derive from the preserved corpus filename and, where available, an explicit file header; bibliographic verification remains ongoing."
BGH068,BGH068_M_R_James_The_Treasure_of_Abbot_Thomas.txt,M R James,The Treasure of Abbot Thomas,,English,review_required,,,review_required,ghost/supernatural fiction,active,not_yet_audited,not_yet_audited,review_required,7550,41281,45a240f61eee32d02a3ba551b6ea83a975ac98b1b94fc7ccaaf0b9ea1ce46df9,"Creator and title labels derive from the preserved corpus filename and, where available, an explicit file header; bibliographic verification remains ongoing."
BGH069,BGH069_M_R_James_A_School_Story.txt,M R James,A School Story,,English,review_required,,,review_required,ghost/supernatural fiction,active,not_yet_audited,not_yet_audited,review_required,2865,15025,b62b295d33c798d94992d2ebb8d19f3d54e1a57036658e0551739a3b9dd3eaa9,"Creator and title labels derive from the preserved corpus filename and, where available, an explicit file header; bibliographic verification remains ongoing."
BGH070,BGH070_M_R_James_Casting_the_Runes.txt,M R James,Casting the Runes,,English,review_required,,,review_required,ghost/supernatural fiction,active,not_yet_audited,not_yet_audited,review_required,8771,47777,af790e6ccb60dbd13f4450dc797045dc9a842fb3bc9ff00c0aca3a57e9585310,"Creator and title labels derive from the preserved corpus filename and, where available, an explicit file header; bibliographic verification remains ongoing."
BGH071,BGH071_M_R_James_Martin_s_Close.txt,M R James,Martin's Close,,English,review_required,,,review_required,ghost/supernatural fiction,active,not_yet_audited,not_yet_audited,review_required,7945,40532,c3ebb5ccea0968c891bb2f6a46081adf693efb811bcbc6893aee229645d8a0a5,"Creator and title labels derive from the preserved corpus filename and, where available, an explicit file header; bibliographic verification remains ongoing."
BGH072,BGH072_M_R_James_Mr_Humphreys_and_his_Inheritance.txt,M R James,Mr Humphreys and his Inheritance,,English,review_required,,,review_required,ghost/supernatural fiction,active,not_yet_audited,not_yet_audited,review_required,10752,58964,9973eee22bda94f9b5abbcf6e3fb5ec98e3468b964a888d29439cc646cb00d96,"Creator and title labels derive from the preserved corpus filename and, where available, an explicit file header; bibliographic verification remains ongoing."
BGH073,BGH073_M_R_James_The_Rose_Garden.txt,M R James,The Rose Garden,,English,review_required,,,review_required,ghost/supernatural fiction,active,not_yet_audited,not_yet_audited,review_required,4574,24253,9839abd5cf132360378c12634b25bb91d30c015fb8775ee670f51b70e6fc9fc4,"Creator and title labels derive from the preserved corpus filename and, where available, an explicit file header; bibliographic verification remains ongoing."
BGH074,BGH074_M_R_James_The_Stalls_of_Barchester_Cathedral.txt,M R James,The Stalls of Barchester Cathedral,,English,review_required,,,review_required,ghost/supernatural fiction,active,not_yet_audited,not_yet_audited,review_required,6056,34132,c0d96421cebfab407fb37e81da0ba49e3757968179a8ca75d81b657713fe1a9b,"Creator and title labels derive from the preserved corpus filename and, where available, an explicit file header; bibliographic verification remains ongoing."
BGH075,BGH075_M_R_James_The_Tractate_Middoth.txt,M R James,The Tractate Middoth,,English,review_required,,,review_required,ghost/supernatural fiction,active,not_yet_audited,not_yet_audited,review_required,6962,37047,7a586a5b528d85b233b35eac7e0265cdb45aa24ce5e6a3b50dfc0b973eff271d,"Creator and title labels derive from the preserved corpus filename and, where available, an explicit file header; bibliographic verification remains ongoing."
BGH076,BGH076_Guy_De_Maupassant_A_GHOST.txt,Guy De Maupassant,A GHOST,,English,review_required,,,review_required,ghost/supernatural fiction,active,not_yet_audited,not_yet_audited,review_required,2540,13433,51eaa779e28eb4f6e44fa6479928b594eb365d7acb6fffce8912ddf73036199f,"Creator and title labels derive from the preserved corpus filename and, where available, an explicit file header; bibliographic verification remains ongoing."
BGH077,BGH077_Myla_Jo_Closser_AT_THE_GATE.txt,Myla Jo Closser,AT THE GATE,,English,review_required,,,review_required,ghost/supernatural fiction,active,not_yet_audited,not_yet_audited,review_required,2001,11194,003f5b1fbf4410e34163ef9e26c539f2b854c242d3fa84a39331e9bdfafd2880,"Creator and title labels derive from the preserved corpus filename and, where available, an explicit file header; bibliographic verification remains ongoing."
BGH078,BGH078_Leonid_Andreyev_LAZARUS.txt,Leonid Andreyev,LAZARUS,,English,review_required,,,review_required,ghost/supernatural fiction,active,not_yet_audited,not_yet_audited,review_required,7378,42070,f593c3e87a3a410e2ab18b5ebee2ac80b21a99c01437d5481a7b31c40ff0f61d,"Creator and title labels derive from the preserved corpus filename and, where available, an explicit file header; bibliographic verification remains ongoing."
BGH079,BGH079_Edgar_Allan_Poe_LIGEIA.txt,Edgar Allan Poe,LIGEIA,,English,review_required,,,review_required,ghost/supernatural fiction,active,not_yet_audited,not_yet_audited,review_required,6074,35310,e85ea4ee0f67ee6c1050dc3c113937b46d331302cfed53223871c6b8b7a7f3f5,"Creator and title labels derive from the preserved corpus filename and, where available, an explicit file header; bibliographic verification remains ongoing."
BGH080,BGH080_W_F_Harvey_THE_BEAST_WITH_FIVE_FINGERS.txt,W F Harvey,THE BEAST WITH FIVE FINGERS,,English,review_required,,,review_required,ghost/supernatural fiction,active,not_yet_audited,not_yet_audited,review_required,9956,54748,37d3b139aeaf98e0009e4864dd54403ce5ab98442ffda12fef51ad415b5e9fe9,"Creator and title labels derive from the preserved corpus filename and, where available, an explicit file header; bibliographic verification remains ongoing."
BGH081,BGH081_Richard_Le_Gallienne_THE_HAUNTED_ORCHARD.txt,Richard Le Gallienne,THE HAUNTED ORCHARD,,English,review_required,,,review_required,ghost/supernatural fiction,active,not_yet_audited,not_yet_audited,review_required,2952,16458,a502796d3fba736df4ee96af0df6d5119406372fe18e8f27a6c30fdda75e4d75,"Creator and title labels derive from the preserved corpus filename and, where available, an explicit file header; bibliographic verification remains ongoing."
BGH082,BGH082_Anatole_France_THE_MASS_OF_SHADOWS.txt,Anatole France,THE MASS OF SHADOWS,,English,review_required,,,review_required,ghost/supernatural fiction,active,not_yet_audited,not_yet_audited,review_required,7256,41064,1998333229c0f2517ec13c9021f9df5bf42a9eb222957adc6110c72a87a80b98,"Creator and title labels derive from the preserved corpus filename and, where available, an explicit file header; bibliographic verification remains ongoing."
BGH083,BGH083_Robert_W_Chambers_THE_MESSENGER.txt,Robert W Chambers,THE MESSENGER,,English,review_required,,,review_required,ghost/supernatural fiction,active,not_yet_audited,not_yet_audited,review_required,5458,30359,391435f4f60456895aa90889a86931a8c3d4b7df14dd317e61064c567a4f18da,"Creator and title labels derive from the preserved corpus filename and, where available, an explicit file header; bibliographic verification remains ongoing."
BGH084,BGH084_Ambrose_Bierce_THE_MIDDLE_TOE_OF_THE_RIGHT_FOOT.txt,Ambrose Bierce,THE MIDDLE TOE OF THE RIGHT FOOT,,English,review_required,,,review_required,ghost/supernatural fiction,active,not_yet_audited,not_yet_audited,review_required,3244,18685,382647e76a36b13a517db53f295ab49b707b5ee615511ad67f9fcb6f5285e8e6,"Creator and title labels derive from the preserved corpus filename and, where available, an explicit file header; bibliographic verification remains ongoing."
BGH085,BGH085_Olivia_Howard_Dunbar_THE_SHELL_OF_SENSE.txt,Olivia Howard Dunbar,THE SHELL OF SENSE,,English,review_required,,,review_required,ghost/supernatural fiction,active,not_yet_audited,not_yet_audited,review_required,4172,23421,759ba9a555e568c2e6a5e6838fb729c2ad3a89a3fe29282faf7c3e4c4fac95fd,"Creator and title labels derive from the preserved corpus filename and, where available, an explicit file header; bibliographic verification remains ongoing."
BGH086,BGH086_Wilbur_Daniel_Steele_THE_WOMAN_AT_SEVEN_BROTHERS.txt,Wilbur Daniel Steele,THE WOMAN AT SEVEN BROTHERS,,English,review_required,,,review_required,ghost/supernatural fiction,active,not_yet_audited,not_yet_audited,review_required,7911,40770,f250478d5c170df9a60927e0bbb33e897a3aa08c8e38a7473ec1b4a5c6bb5ced,"Creator and title labels derive from the preserved corpus filename and, where available, an explicit file header; bibliographic verification remains ongoing."
BGH087,BGH087_Author_unresolved_BANSHEES.txt,Unresolved,BANSHEES,,English,review_required,,,review_required,ghost/supernatural fiction,active,not_yet_audited,not_yet_audited,review_required,2154,12026,3e2be7aebb20f08c14549c02e9be00b27abb60b6dd3f41f9a6ff0d609b1227ef,"Creator and title labels derive from the preserved corpus filename and, where available, an explicit file header; bibliographic verification remains ongoing."
BGH088,BGH088_Montague_Rhodes_James_CANON_ALBERIC_S_SCRAP_BOOK.txt,Montague Rhodes James,CANON ALBERIC S SCRAP BOOK,,English,review_required,,,review_required,ghost/supernatural fiction,active,not_yet_audited,not_yet_audited,review_required,4645,26408,487fc22828ccc4bcfb3d7453b70d96cdbe2bd0ddc808291bde55f77971e407d0,"Creator and title labels derive from the preserved corpus filename and, where available, an explicit file header; bibliographic verification remains ongoing."
BGH089,BGH089_Ellis_Parker_Butler_DEY_AIN_T_NO_GHOSTS.txt,Ellis Parker Butler,DEY AIN T NO GHOSTS,,English,review_required,,,review_required,ghost/supernatural fiction,active,not_yet_audited,not_yet_audited,review_required,4248,22239,d8cc08c3d4daac18de40f5fdd877e9b2453eb29e7b447efe38825ec8ef1bf846,"Creator and title labels derive from the preserved corpus filename and, where available, an explicit file header; bibliographic verification remains ongoing."
BGH090,BGH090_Author_unresolved_SOME_REAL_AMERICAN_GHOSTS.txt,Unresolved,SOME REAL AMERICAN GHOSTS,,English,review_required,,,review_required,ghost/supernatural fiction,active,not_yet_audited,not_yet_audited,review_required,10944,61816,92c1b713bf347797b65e9e5ac62adb58a831edbc324bc3b628ec1e38ddebf7d1,"Creator and title labels derive from the preserved corpus filename and, where available, an explicit file header; bibliographic verification remains ongoing."
BGH091,BGH091_Daniel_De_Foe_THE_APPARITION_OF_MRS_VEAL.txt,Daniel De Foe,THE APPARITION OF MRS VEAL,,English,review_required,,,review_required,ghost/supernatural fiction,active,not_yet_audited,not_yet_audited,review_required,5935,32550,11c10b3e350d038f155c2cd4304499cd07cb2ffa291d034e9f20f2f78135d329,"Creator and title labels derive from the preserved corpus filename and, where available, an explicit file header; bibliographic verification remains ongoing."
BGH092,BGH092_Edward_Bulwer_Lytton_THE_HAUNTED_AND_THE_HAUNTERS.txt,Edward Bulwer Lytton,THE HAUNTED AND THE HAUNTERS,,English,review_required,,,review_required,ghost/supernatural fiction,active,not_yet_audited,not_yet_audited,review_required,10937,61332,e0e9c0a9be4e50f9828f91b8e75bfc174bd0744b577f3b352f1d0f4ecd0d6902,"Creator and title labels derive from the preserved corpus filename and, where available, an explicit file header; bibliographic verification remains ongoing."
BGH093,BGH093_Vincent_O_Sullivan_THE_INTERVAL.txt,Vincent O Sullivan,THE INTERVAL,,English,review_required,,,review_required,ghost/supernatural fiction,active,not_yet_audited,not_yet_audited,review_required,2462,13408,90142cae2b21856995f9fe97cd1f8167af7a8d4587200e2a6e8e4a096722123d,"Creator and title labels derive from the preserved corpus filename and, where available, an explicit file header; bibliographic verification remains ongoing."
BGH094,BGH094_Rudyard_Kipling_THE_PHANTOM_RICKSHAW.txt,Rudyard Kipling,THE PHANTOM RICKSHAW,,English,review_required,,,review_required,ghost/supernatural fiction,active,not_yet_audited,not_yet_audited,review_required,8802,49018,291b6e9d80eccbaccc2c8ca1802661b7f9e8d76a0401e5d1d7bcad7f1bcc9958,"Creator and title labels derive from the preserved corpus filename and, where available, an explicit file header; bibliographic verification remains ongoing."
BGH095,BGH095_Brander_Matthews_THE_RIVAL_GHOSTS.txt,Brander Matthews,THE RIVAL GHOSTS,,English,review_required,,,review_required,ghost/supernatural fiction,active,not_yet_audited,not_yet_audited,review_required,6862,38023,822f94f29373e530b9c19de8f1fb9ec5f5efcb4bae578edfe9bc60922b72c79f,"Creator and title labels derive from the preserved corpus filename and, where available, an explicit file header; bibliographic verification remains ongoing."
BGH096,BGH096_Leopold_Kompert_THE_SILENT_WOMAN.txt,Leopold Kompert,THE SILENT WOMAN,,English,review_required,,,review_required,ghost/supernatural fiction,active,not_yet_audited,not_yet_audited,review_required,6631,36842,5b1229c50bec0080d6231576350d5e36e33c2f94f547d51aa651ad1bbdad648c,"Creator and title labels derive from the preserved corpus filename and, where available, an explicit file header; bibliographic verification remains ongoing."
BGH097,BGH097_Algernon_Blackwood_THE_WOMAN_S_GHOST_STORY.txt,Algernon Blackwood,THE WOMAN S GHOST STORY,,English,review_required,,,review_required,ghost/supernatural fiction,active,not_yet_audited,not_yet_audited,review_required,3745,19711,e647bcb6051e329bb79dc003639130b10d0b7134b66ad84b178235efe467cd7c,"Creator and title labels derive from the preserved corpus filename and, where available, an explicit file header; bibliographic verification remains ongoing."
BGH098,BGH098_Boccaccio_A_Story_Of_Ravenna.txt,Boccaccio,A Story Of Ravenna,,English,review_required,,,review_required,ghost/supernatural fiction,active,not_yet_audited,not_yet_audited,review_required,2750,15544,33e1b806bbbdc516628c27754a38ca6be4dd68560d97088048d51e66e07b6dbe,"Creator and title labels derive from the preserved corpus filename and, where available, an explicit file header; bibliographic verification remains ongoing."
BGH099,BGH099_Author_source_unresolved_Captain_Wheatcroft.txt,Source attribution unresolved,Captain Wheatcroft,,English,review_required,,,review_required,ghost/supernatural fiction,active,not_yet_audited,not_yet_audited,review_required,691,3971,a3ced0a0fd50e2ddfff196514d50b1760f04eb3d7e0b3375a1289a167053e635,"Creator and title labels derive from the preserved corpus filename and, where available, an explicit file header; bibliographic verification remains ongoing."
BGH100,BGH100_Author_source_unresolved_Clerk_Saunders.txt,Source attribution unresolved,Clerk Saunders,,English,review_required,,,review_required,ghost/supernatural fiction,active,not_yet_audited,not_yet_audited,review_required,1002,5901,3063aa00567e9fb7ae8a08eaae1bd001c91bb6a7ecd65265c4f15c87dea314f8,"Creator and title labels derive from the preserved corpus filename and, where available, an explicit file header; bibliographic verification remains ongoing."
BGH101,BGH101_Catherine_Crowe_Dorothy_Durant.txt,Catherine Crowe,Dorothy Durant,,English,review_required,,,review_required,ghost/supernatural fiction,active,not_yet_audited,not_yet_audited,review_required,1114,6037,6f7c0ce39c38bf60069f7a77a266e0e6a0a2d7ae7a3187dd6a2a2d91f546b976,"Creator and title labels derive from the preserved corpus filename and, where available, an explicit file header; bibliographic verification remains ongoing."
BGH102,BGH102_Arthur_Machen_Dr_Duthoit_S_Vision.txt,Arthur Machen,Dr Duthoit S Vision,,English,review_required,,,review_required,ghost/supernatural fiction,active,not_yet_audited,not_yet_audited,review_required,1130,6204,778fa654d8c256995f0deec75f70ee46d1e427be9683d37843d4d72d04192a4c,"Creator and title labels derive from the preserved corpus filename and, where available, an explicit file header; bibliographic verification remains ongoing."
BGH103,BGH103_William_Hunt_Drake_S_Drum.txt,William Hunt,Drake S Drum,,English,review_required,,,review_required,ghost/supernatural fiction,active,not_yet_audited,not_yet_audited,review_required,446,2549,1bdb19dc9f25792fb5097eb11bb53b5c74de3c9261d9a41ff7692d568e7fa69e,"Creator and title labels derive from the preserved corpus filename and, where available, an explicit file header; bibliographic verification remains ongoing."
BGH104,BGH104_Author_source_unresolved_Glamis_Castle.txt,Source attribution unresolved,Glamis Castle,,English,review_required,,,review_required,ghost/supernatural fiction,active,not_yet_audited,not_yet_audited,review_required,1163,6647,09c95f6976385f5fe28e3ca7583778980ebfbf21036ced060f0e13345c1453d5,"Creator and title labels derive from the preserved corpus filename and, where available, an explicit file header; bibliographic verification remains ongoing."
BGH105,BGH105_Charles_Kirkpatrick_Sharpe_Pearlin_Jean.txt,Charles Kirkpatrick Sharpe,Pearlin Jean,,English,review_required,,,review_required,ghost/supernatural fiction,active,not_yet_audited,not_yet_audited,review_required,589,3341,8f2743a11093aab77031ef059a24c39a2a21722045466e6939da3e188017fa49,"Creator and title labels derive from the preserved corpus filename and, where available, an explicit file header; bibliographic verification remains ongoing."
BGH106,BGH106_Author_source_unresolved_Powys_Castle.txt,Source attribution unresolved,Powys Castle,,English,review_required,,,review_required,ghost/supernatural fiction,active,not_yet_audited,not_yet_audited,review_required,3387,18357,80d6ba6de081812d9353a80c476d80c560c167678cda8a746710f8d9f38d726d,"Creator and title labels derive from the preserved corpus filename and, where available, an explicit file header; bibliographic verification remains ongoing."
BGH107,BGH107_Dr_Douglas_Hyde_Teig_O_Kane_And_The_Corpse.txt,Dr Douglas Hyde,Teig O Kane And The Corpse,,English,review_required,,,review_required,ghost/supernatural fiction,active,not_yet_audited,not_yet_audited,review_required,5824,29576,25ad1325744a757efa09907e0117223f14604df829ae7e1f32f886e3ebe88963,"Creator and title labels derive from the preserved corpus filename and, where available, an explicit file header; bibliographic verification remains ongoing."
BGH108,BGH108_Author_source_unresolved_The_Altheim_Revenant.txt,Source attribution unresolved,The Altheim Revenant,,English,review_required,,,review_required,ghost/supernatural fiction,active,not_yet_audited,not_yet_audited,review_required,16940,94745,e55b901bf644fe76e87c97071a8162bfbce89208504eab2d1185c9ee2982ad17,"Creator and title labels derive from the preserved corpus filename and, where available, an explicit file header; bibliographic verification remains ongoing."
BGH109,BGH109_The_Rev_S_R_Hawker_The_Botathen_Ghost.txt,The Rev S R Hawker,The Botathen Ghost,,English,review_required,,,review_required,ghost/supernatural fiction,active,not_yet_audited,not_yet_audited,review_required,3443,19243,976be69a74a1b5a40d8cc4c14bba1559ce5c531c6c9c35b0d3f1e443afd8c6a2,"Creator and title labels derive from the preserved corpus filename and, where available, an explicit file header; bibliographic verification remains ongoing."
BGH110,BGH110_Author_source_unresolved_The_Denton_Hall_Ghost.txt,Source attribution unresolved,The Denton Hall Ghost,,English,review_required,,,review_required,ghost/supernatural fiction,active,not_yet_audited,not_yet_audited,review_required,1749,9722,98d9865a765e460eed865834fb5022eae6da42a1b22d76d3a76a16c9a4cdbc6a,"Creator and title labels derive from the preserved corpus filename and, where available, an explicit file header; bibliographic verification remains ongoing."
BGH111,BGH111_Edgar_Allan_Poe_The_Fall_Of_The_House_Of_Usher.txt,Edgar Allan Poe,The Fall Of The House Of Usher,,English,review_required,,,review_required,ghost/supernatural fiction,active,not_yet_audited,not_yet_audited,review_required,7091,41876,2aa93134d8413806ff5e4123056e27c53be996064791b72eb42611fc405307da,"Creator and title labels derive from the preserved corpus filename and, where available, an explicit file header; bibliographic verification remains ongoing."
BGH112,BGH112_Arnold_Bennett_The_Ghost_Of_Lord_Clarenceux.txt,Arnold Bennett,The Ghost Of Lord Clarenceux,,English,review_required,,,review_required,ghost/supernatural fiction,active,not_yet_audited,not_yet_audited,review_required,1430,7586,ddd1fe577b6fdca2397bd8b54cfadb4ed05be4868b4447c8b3a8b19ae5e82c0b,"Creator and title labels derive from the preserved corpus filename and, where available, an explicit file header; bibliographic verification remains ongoing."
BGH113,BGH113_Joseph_Glanvil_The_Ghost_Of_Major_Sydenham.txt,Joseph Glanvil,The Ghost Of Major Sydenham,,English,review_required,,,review_required,ghost/supernatural fiction,active,not_yet_audited,not_yet_audited,review_required,1030,5532,f026bcf5ab07d882759c95ce21f46014cb57fb225c0b78c58a236bd6ec0a7933,"Creator and title labels derive from the preserved corpus filename and, where available, an explicit file header; bibliographic verification remains ongoing."
BGH114,BGH114_Author_source_unresolved_The_Ghost_Of_Rosewarne.txt,Source attribution unresolved,The Ghost Of Rosewarne,,English,review_required,,,review_required,ghost/supernatural fiction,active,not_yet_audited,not_yet_audited,review_required,1934,10903,3b153c9267d239fbe0d84d5905bc3f794b0b3a718ff8aa0a8dd529d4d312c550,"Creator and title labels derive from the preserved corpus filename and, where available, an explicit file header; bibliographic verification remains ongoing."
BGH115,BGH115_Author_source_unresolved_The_Goodwood_Ghost_Story.txt,Source attribution unresolved,The Goodwood Ghost Story,,English,review_required,,,review_required,ghost/supernatural fiction,active,not_yet_audited,not_yet_audited,review_required,2099,11285,a58051fd8ecdec38c623f7a239a7ac906a309f7299f907e582fdcb1a346b2f09,"Creator and title labels derive from the preserved corpus filename and, where available, an explicit file header; bibliographic verification remains ongoing."
BGH116,BGH116_Sir_George_Douglas_Bart_The_Haunted_Cove.txt,Sir George Douglas Bart,The Haunted Cove,,English,review_required,,,review_required,ghost/supernatural fiction,active,not_yet_audited,not_yet_audited,review_required,2853,16071,043c45fdeb47185ddbca1004e8f1184bf47538b5a5e34d94432c4bfda7d6158c,"Creator and title labels derive from the preserved corpus filename and, where available, an explicit file header; bibliographic verification remains ongoing."
BGH117,BGH117_Catherine_Crowe_The_Iron_Cage.txt,Catherine Crowe,The Iron Cage,,English,review_required,,,review_required,ghost/supernatural fiction,active,not_yet_audited,not_yet_audited,review_required,2316,12440,b97bd29d83bff3007c015da8181c7c5a492b0690d379c3fee95d9a7fed3653c7,"Creator and title labels derive from the preserved corpus filename and, where available, an explicit file header; bibliographic verification remains ongoing."
BGH118,BGH118_Joseph_Glanvil_The_Iron_Chest_Of_Durley.txt,Joseph Glanvil,The Iron Chest Of Durley,,English,review_required,,,review_required,ghost/supernatural fiction,active,not_yet_audited,not_yet_audited,review_required,669,3618,7d4d339f8a90652657aeb464a18a79d7a2cabb8dc5ccbf75fddc33b251749c67,"Creator and title labels derive from the preserved corpus filename and, where available, an explicit file header; bibliographic verification remains ongoing."
BGH119,BGH119_Author_source_unresolved_The_Marquis_De_Rambouillet.txt,Source attribution unresolved,The Marquis De Rambouillet,,English,review_required,,,review_required,ghost/supernatural fiction,active,not_yet_audited,not_yet_audited,review_required,673,3674,775def74715b8e8d02d1208218f40af41c889ae064804b210ccf27bfc8d52291,"Creator and title labels derive from the preserved corpus filename and, where available, an explicit file header; bibliographic verification remains ongoing."
BGH120,BGH120_Author_source_unresolved_The_Miraculous_Case_Of_Jesch_Claes.txt,Source attribution unresolved,The Miraculous Case Of Jesch Claes,,English,review_required,,,review_required,ghost/supernatural fiction,active,not_yet_audited,not_yet_audited,review_required,474,2510,3be5743b2d6a67f057bfc12dee30c20046b43c1cf9a72808fbf882944c4a3702,"Creator and title labels derive from the preserved corpus filename and, where available, an explicit file header; bibliographic verification remains ongoing."
BGH121,BGH121_Elizabeth_Gaskell_The_Old_Nurse_S_Story.txt,Elizabeth Gaskell,The Old Nurse S Story,,English,review_required,,,review_required,ghost/supernatural fiction,active,not_yet_audited,not_yet_audited,review_required,4883,25877,394823d5ef2f3f456ad9a11dde4d8c9c7daf62195344b3e2524e000f905cbb64,"Creator and title labels derive from the preserved corpus filename and, where available, an explicit file header; bibliographic verification remains ongoing."
BGH122,BGH122_Greville_MacDonald_The_Pool_In_The_Graveyard.txt,Unresolved,Greville MacDonald The Pool In The Graveyard,,English,review_required,,,review_required,ghost/supernatural fiction,active,not_yet_audited,not_yet_audited,review_required,11517,65463,6c1ef8e7da044be18345465a2c94718800d0d4045fb0ad073385737fc6a47e8b,"Creator and title labels derive from the preserved corpus filename and, where available, an explicit file header; bibliographic verification remains ongoing."
BGH123,BGH123_Author_source_unresolved_The_Radiant_Boy_Of_Corby_Castle.txt,Source attribution unresolved,The Radiant Boy Of Corby Castle,,English,review_required,,,review_required,ghost/supernatural fiction,active,not_yet_audited,not_yet_audited,review_required,1008,5732,3653aad61a81779528ac6a07b729b886aa6b3a3def68f4901932bca5fff911d2,"Creator and title labels derive from the preserved corpus filename and, where available, an explicit file header; bibliographic verification remains ongoing."
BGH124,BGH124_Author_source_unresolved_The_Seven_Lights.txt,Source attribution unresolved,The Seven Lights,,English,review_required,,,review_required,ghost/supernatural fiction,active,not_yet_audited,not_yet_audited,review_required,4009,23326,4d70485be9fc5dbfd60dbd4f33c539b99d325373dfd35edba24e36ad08c14c32,"Creator and title labels derive from the preserved corpus filename and, where available, an explicit file header; bibliographic verification remains ongoing."
BGH125,BGH125_Author_source_unresolved_The_Spectral_Coach_Of_Blackadon.txt,Source attribution unresolved,The Spectral Coach Of Blackadon,,English,review_required,,,review_required,ghost/supernatural fiction,active,not_yet_audited,not_yet_audited,review_required,2993,16974,a32206be77f1eba94134f0a9eca778734d9645879f517425e80f61a09dda8756,"Creator and title labels derive from the preserved corpus filename and, where available, an explicit file header; bibliographic verification remains ongoing."
BGH126,BGH126_William_Hunt_The_Spectre_Bridegroom.txt,William Hunt,The Spectre Bridegroom,,English,review_required,,,review_required,ghost/supernatural fiction,active,not_yet_audited,not_yet_audited,review_required,2439,13481,ca8e882d2f33a76f2ebb38c57b68b5adb74d6c528db77a9f6e5cc84e98b57834,"Creator and title labels derive from the preserved corpus filename and, where available, an explicit file header; bibliographic verification remains ongoing."
BGH127,BGH127_Author_source_unresolved_The_Strange_Case_Of_M_Bezuel.txt,Source attribution unresolved,The Strange Case Of M Bezuel,,English,review_required,,,review_required,ghost/supernatural fiction,active,not_yet_audited,not_yet_audited,review_required,1960,10013,baad9431f317866e7af23f2646df99746c1ee8c6fdf5665481dbbc7ca9561ec5,"Creator and title labels derive from the preserved corpus filename and, where available, an explicit file header; bibliographic verification remains ongoing."
BGH128,BGH128_Thomas_Hardy_The_Superstitious_Man_S_Story.txt,Thomas Hardy,The Superstitious Man S Story,,English,review_required,,,review_required,ghost/supernatural fiction,active,not_yet_audited,not_yet_audited,review_required,1350,7176,78f611abcb059c409e014204e53f9f3028c89a1341358cd43e6cf0a65aa4fc2e,"Creator and title labels derive from the preserved corpus filename and, where available, an explicit file header; bibliographic verification remains ongoing."
BGH129,BGH129_Sir_Walter_Scott_Wandering_Willie_S_Tale.txt,Sir Walter Scott,Wandering Willie S Tale,,English,review_required,,,review_required,ghost/supernatural fiction,active,not_yet_audited,not_yet_audited,review_required,7496,40240,e32532dd82d1841dd177c09586e5076d381ac1c3dad0476bb4e1cd37db772f01,"Creator and title labels derive from the preserved corpus filename and, where available, an explicit file header; bibliographic verification remains ongoing."
BGH130,BGH130_Laurence_Sterne_A_Mystery_with_a_Moral.txt,Laurence Sterne,A Mystery with a Moral,,English,review_required,,,review_required,ghost/supernatural fiction,active,not_yet_audited,not_yet_audited,review_required,3440,17983,be8dca2640bfe3149e81ce419928e934789548f85749377a8461555a76ba4714,"Creator and title labels derive from the preserved corpus filename and, where available, an explicit file header; bibliographic verification remains ongoing."
BGH131,BGH131_Anonymous_Bourgonef.txt,Anonymous,Bourgonef,,English,review_required,,,review_required,ghost/supernatural fiction,active,not_yet_audited,not_yet_audited,review_required,20973,121556,1a0d22c5fa35133b390aa43e8971f11b6c42c8e38e8e2f6b1b5f361b08ae91ca,"Creator and title labels derive from the preserved corpus filename and, where available, an explicit file header; bibliographic verification remains ongoing."
BGH132,BGH132_Charles_Robert_Maturin_Melmoth_the_Wanderer.txt,Charles Robert Maturin,Melmoth the Wanderer,,English,review_required,,,review_required,ghost/supernatural fiction,active,not_yet_audited,not_yet_audited,review_required,14867,87607,8c43c95ec0c5e01e0b1cf628b566db6efa4610619f5f267d2bbe98372892c994,"Creator and title labels derive from the preserved corpus filename and, where available, an explicit file header; bibliographic verification remains ongoing."
BGH133,BGH133_William_Makepeace_Thackeray_On_Being_Found_Out.txt,William Makepeace Thackeray,On Being Found Out,,English,review_required,,,review_required,ghost/supernatural fiction,active,not_yet_audited,not_yet_audited,review_required,2775,14945,433553745c355478417413b6973445d4979d982584a6615fd411d7baa09f47b9,"Creator and title labels derive from the preserved corpus filename and, where available, an explicit file header; bibliographic verification remains ongoing."
BGH134,BGH134_Thomas_De_Quincey_The_Avenger.txt,Thomas De Quincey,The Avenger,,English,review_required,,,review_required,ghost/supernatural fiction,active,not_yet_audited,not_yet_audited,review_required,20684,119478,34adf38e308130dfb7d919cf7974a0ecfed625b0ea98e9fc5d38ef11b0210580,"Creator and title labels derive from the preserved corpus filename and, where available, an explicit file header; bibliographic verification remains ongoing."
BGH135,BGH135_Anonymous_The_Closed_Cabinet.txt,Anonymous,The Closed Cabinet,,English,review_required,,,review_required,ghost/supernatural fiction,active,not_yet_audited,not_yet_audited,review_required,23166,127371,8133df6ce2365f4b832816d6f5cdf5f6d4c9d61c026472d20cb69f803876882c,"Creator and title labels derive from the preserved corpus filename and, where available, an explicit file header; bibliographic verification remains ongoing."
BGH136,BGH136_Edward_Bulwer_Lytton_The_Incantation.txt,Edward Bulwer Lytton,The Incantation,,English,review_required,,,review_required,ghost/supernatural fiction,active,not_yet_audited,not_yet_audited,review_required,12613,70232,ffee82b687e73cf4d8eb1fba346319c09102acf729a20e7c9db27f9f622260dc,"Creator and title labels derive from the preserved corpus filename and, where available, an explicit file header; bibliographic verification remains ongoing."
BGH137,BGH137_William_Makepeace_Thackeray_The_Notch_on_the_Ax.txt,William Makepeace Thackeray,The Notch on the Ax,,English,review_required,,,review_required,ghost/supernatural fiction,active,not_yet_audited,not_yet_audited,review_required,9338,50860,084cb57e1845d998539befe30b9e880d539ee0109fe0d8c8d627a7d28e2d5dc6,"Creator and title labels derive from the preserved corpus filename and, where available, an explicit file header; bibliographic verification remains ongoing."
BGH138,BGH138_Elsie_Brown_A_SHADY_PLOT.txt,Elsie Brown,A SHADY PLOT,,English,review_required,,,review_required,ghost/supernatural fiction,active,not_yet_audited,not_yet_audited,review_required,4424,24043,517ef4dde4a02f2a2e633d24c3082f71a87e7567dce163c48d93021fccd4c52d,"Creator and title labels derive from the preserved corpus filename and, where available, an explicit file header; bibliographic verification remains ongoing."
BGH139,BGH139_Anonymous_Back_from_That_Bourne.txt,Anonymous,Back from That Bourne,,English,review_required,,,review_required,ghost/supernatural fiction,active,not_yet_audited,not_yet_audited,review_required,2201,12982,b3840df981cf79bd9e8d92365f79621aa1177b3336963e3e41c7625191c50621,"Creator and title labels derive from the preserved corpus filename and, where available, an explicit file header; bibliographic verification remains ongoing."
BGH140,BGH140_Burges_Johnson_IN_THE_BARN.txt,Burges Johnson,IN THE BARN,,English,review_required,,,review_required,ghost/supernatural fiction,active,not_yet_audited,not_yet_audited,review_required,3934,22053,fa66a6fba24c139412eb9c6d388f8e1d9b13737b9dbd46ba523cea8306022477,"Creator and title labels derive from the preserved corpus filename and, where available, an explicit file header; bibliographic verification remains ongoing."
BGH141,BGH141_Eden_Phillpotts_THE_GHOST_OF_MISER_BRIMPSON.txt,Eden Phillpotts,THE GHOST OF MISER BRIMPSON,,English,review_required,,,review_required,ghost/supernatural fiction,active,not_yet_audited,not_yet_audited,review_required,6534,34529,f492a5700f45d38acd0773aa5df5830a8874d2886976c4848e594d817fb3bd84,"Creator and title labels derive from the preserved corpus filename and, where available, an explicit file header; bibliographic verification remains ongoing."
BGH142,BGH142_Will_Adams_THE_GHOST_THAT_GOT_THE_BUTTON.txt,Will Adams,THE GHOST THAT GOT THE BUTTON,,English,review_required,,,review_required,ghost/supernatural fiction,active,not_yet_audited,not_yet_audited,review_required,4571,24436,acd6e10bf37b2c1ee82bb3f585a8bca2d2caf92354fe41b0eb161647326e510d,"Creator and title labels derive from the preserved corpus filename and, where available, an explicit file header; bibliographic verification remains ongoing."
BGH143,BGH143_Gelett_Burgess_THE_GHOST_EXTINGUISHER.txt,Gelett Burgess,THE GHOST EXTINGUISHER,,English,review_required,,,review_required,ghost/supernatural fiction,active,not_yet_audited,not_yet_audited,review_required,3760,22412,443598a5f82aa310ddaab93e13af0fdeef97dbd9d99e6cbf4f0b12a04666b32b,"Creator and title labels derive from the preserved corpus filename and, where available, an explicit file header; bibliographic verification remains ongoing."
BGH144,BGH144_Richard_Middleton_THE_GHOST_SHIP.txt,Richard Middleton,THE GHOST SHIP,,English,review_required,,,review_required,ghost/supernatural fiction,active,not_yet_audited,not_yet_audited,review_required,4221,22267,712dfc385c895a5a304981e9425a2cba91231005c39bbc46477c27993d5294b7,"Creator and title labels derive from the preserved corpus filename and, where available, an explicit file header; bibliographic verification remains ongoing."
BGH145,BGH145_Ruth_Mcenery_Stuart_THE_HAUNTED_PHOTOGRAPH.txt,Unresolved,Ruth Mcenery Stuart THE HAUNTED PHOTOGRAPH,,English,review_required,,,review_required,ghost/supernatural fiction,active,not_yet_audited,not_yet_audited,review_required,4596,25357,49c6fa58944c96d0e63edc5530177c02468973c1a4bc00283f60aa202effe559,"Creator and title labels derive from the preserved corpus filename and, where available, an explicit file header; bibliographic verification remains ongoing."
BGH146,BGH146_Rose_Cecil_O_Neill_THE_LADY_AND_THE_GHOST.txt,Rose Cecil O Neill,THE LADY AND THE GHOST,,English,review_required,,,review_required,ghost/supernatural fiction,active,not_yet_audited,not_yet_audited,review_required,1898,11218,5d808a89004fb0291c85f60c3b54e9867ed7ca6784493cc9b6c6f2c52dd75dd1,"Creator and title labels derive from the preserved corpus filename and, where available, an explicit file header; bibliographic verification remains ongoing."
BGH147,BGH147_Nelson_Lloyd_THE_LAST_GHOST_IN_HARMONY.txt,Nelson Lloyd,THE LAST GHOST IN HARMONY,,English,review_required,,,review_required,ghost/supernatural fiction,active,not_yet_audited,not_yet_audited,review_required,3839,20686,5421d3aa21c06bacc3bd1f13758197ba8cc4229f9fb3d625c9a4b603f3809aa2,"Creator and title labels derive from the preserved corpus filename and, where available, an explicit file header; bibliographic verification remains ongoing."
BGH148,BGH148_Washington_Irving_THE_SPECTER_BRIDEGROOM.txt,Washington Irving,THE SPECTER BRIDEGROOM,,English,review_required,,,review_required,ghost/supernatural fiction,active,not_yet_audited,not_yet_audited,review_required,5679,32734,7b70b066b3c3e1cacbdd723ae47a5ef5177f41677a7508b0ab1f1a4a048d5b5d,"Creator and title labels derive from the preserved corpus filename and, where available, an explicit file header; bibliographic verification remains ongoing."
BGH149,BGH149_Frank_R_Stockton_THE_TRANSFERRED_GHOST.txt,Frank R Stockton,THE TRANSFERRED GHOST,,English,review_required,,,review_required,ghost/supernatural fiction,active,not_yet_audited,not_yet_audited,review_required,4639,24571,f7c4461e4a31bbc854d0d644e131fe62c4adfcadbaff0360342b3bd357756af5,"Creator and title labels derive from the preserved corpus filename and, where available, an explicit file header; bibliographic verification remains ongoing."
BGH150,BGH150_Wallace_Irwin_THE_TRANSPLANTED_GHOST.txt,Wallace,Irwin THE TRANSPLANTED GHOST,,English,review_required,,,review_required,ghost/supernatural fiction,active,not_yet_audited,not_yet_audited,review_required,5183,28845,24ddc5e783e8b0d5bf22efcaa9ae9f504e6b50d15d7340ce633de47f29d75b45,"Creator and title labels derive from the preserved corpus filename and, where available, an explicit file header; bibliographic verification remains ongoing."
BGH151,BGH151_John_Kendrick_Bangs_THE_WATER_GHOST_OF_HARROWBY_HALL.txt,John Kendrick Bangs,THE WATER GHOST OF HARROWBY HALL,,English,review_required,,,review_required,ghost/supernatural fiction,active,not_yet_audited,not_yet_audited,review_required,3411,18909,dbb9e8ae5455873bf2237c0870206e5b1764c56d99112de8d13538001a86b5e2,"Creator and title labels derive from the preserved corpus filename and, where available, an explicit file header; bibliographic verification remains ongoing."
BGH152,BGH152_Katherine_Rickford_Joseph_A_Story.txt,Katherine Rickford,Joseph A Story,,English,review_required,,,review_required,ghost/supernatural fiction,active,not_yet_audited,not_yet_audited,review_required,3560,18638,89e33a7fc6c089c2b39c8183787961e57c5f4da41dbf350ca455d35d16ca8293,"Creator and title labels derive from the preserved corpus filename and, where available, an explicit file header; bibliographic verification remains ongoing."
BGH153,BGH153_Ralph_Adams_Cram_Sister_Maddelena.txt,Ralph Adams Cram,Sister Maddelena,,English,review_required,,,review_required,ghost/supernatural fiction,active,not_yet_audited,not_yet_audited,review_required,5955,33276,91a354be9d74660c392b280fe7da647934ce4912c521b3cd7a7449882a98812a,"Creator and title labels derive from the preserved corpus filename and, where available, an explicit file header; bibliographic verification remains ongoing."
BGH154,BGH154_Wilbur_Daniel_Steele_The_Yellow_Cat.txt,Wilbur Daniel Steele,The Yellow Cat,,English,review_required,,,review_required,ghost/supernatural fiction,active,not_yet_audited,not_yet_audited,review_required,7350,40569,af02a61e2a3e62c39b5884d015695876fcc2cb517a0b5b2d674074273f79e4ef,"Creator and title labels derive from the preserved corpus filename and, where available, an explicit file header; bibliographic verification remains ongoing."
BGH155,BGH155_Author_unresolved_Der_Scharfrichter_The_Artist_s_Second_Story.txt,Unresolved,Der Scharfrichter The Artist's Second Story,,English,review_required,,,review_required,ghost/supernatural fiction,active,not_yet_audited,not_yet_audited,review_required,13926,77575,1d12aeff77949a17f5d0668980e8c526987ca793a14e4cc499bf3e07455391be,"Creator and title labels derive from the preserved corpus filename and, where available, an explicit file header; bibliographic verification remains ongoing."
BGH156,BGH156_Author_unresolved_The_Three_Pauls_The_Artist_s_Third_Story.txt,Unresolved,The Three Pauls The Artist's Third Story,,English,review_required,,,review_required,ghost/supernatural fiction,active,not_yet_audited,not_yet_audited,review_required,21598,119910,71b8527516b722c8473ea7604a093b9311aa86b1f214091c8f9a57468953ab85,"Creator and title labels derive from the preserved corpus filename and, where available, an explicit file header; bibliographic verification remains ongoing."
BGH157,BGH157_Author_unresolved_The_Waxen_Image_The_Hostess_s_Story.txt,Unresolved,The Waxen Image The Hostess's Story,,English,review_required,,,review_required,ghost/supernatural fiction,active,not_yet_audited,not_yet_audited,review_required,38155,212736,31db095197f083109e5d2a40428db2e8d481118bb4fc1e4c72111c911792161c,"Creator and title labels derive from the preserved corpus filename and, where available, an explicit file header; bibliographic verification remains ongoing."
BGH158,BGH158_Fiona_Macleod_William_Sharp_GREEN_BRANCHES.txt,Fiona Macleod (William Sharp),GREEN BRANCHES,,English,review_required,,,review_required,ghost/supernatural fiction,active,not_yet_audited,not_yet_audited,review_required,5317,28418,d5e77b47cd78ec6e49f678e5d87933670d8ab09163d568a47804ce5a95304819,"Creator and title labels derive from the preserved corpus filename and, where available, an explicit file header; bibliographic verification remains ongoing."
BGH159,BGH159_E_T_A_Hoffmann_THE_DESERTED_HOUSE.txt,E T A Hoffmann,THE DESERTED HOUSE,,English,review_required,,,review_required,ghost/supernatural fiction,active,not_yet_audited,not_yet_audited,review_required,7789,42253,7328e59e5dd8fa79f5baebe98317471cdfb4fa9672b25d063fa0c0b5d25619d0,"Creator and title labels derive from the preserved corpus filename and, where available, an explicit file header; bibliographic verification remains ongoing."
BGH160,BGH160_Amelia_B_Edwards_THE_FOUR_FIFTEEN_EXPRESS.txt,Amelia B Edwards,THE FOUR FIFTEEN EXPRESS,,English,review_required,,,review_required,ghost/supernatural fiction,active,not_yet_audited,not_yet_audited,review_required,8300,46747,27c18fd2c46863b9963c97fce07b2b5eee29d08a363fd8eb47915fd0ce92521b,"Creator and title labels derive from the preserved corpus filename and, where available, an explicit file header; bibliographic verification remains ongoing."
BGH161,BGH161_Erckmann_Chatrian_THE_MYSTERIOUS_SKETCH.txt,Erckmann Chatrian,THE MYSTERIOUS SKETCH,,English,review_required,,,review_required,ghost/supernatural fiction,active,not_yet_audited,not_yet_audited,review_required,5500,30913,e7b3f8eb7b6cd64b43d66f984139226a2ee99cd5d2f3b454a946e56685c00ccf,"Creator and title labels derive from the preserved corpus filename and, where available, an explicit file header; bibliographic verification remains ongoing."
BGH162,BGH162_Margaret_Oliphant_THE_OPEN_DOOR.txt,Margaret Oliphant,THE OPEN DOOR,,English,review_required,,,review_required,ghost/supernatural fiction,active,not_yet_audited,not_yet_audited,review_required,15198,80150,71631f1621d9e2de39065b8616d9c8ccfd6b29371799c209f3a790c88bb23cb1,"Creator and title labels derive from the preserved corpus filename and, where available, an explicit file header; bibliographic verification remains ongoing."
BGH163,BGH163_A_T_Quiller_Couch_THE_ROLL_CALL_OF_THE_REEF.txt,A T Quiller Couch,THE ROLL CALL OF THE REEF,,English,review_required,,,review_required,ghost/supernatural fiction,active,not_yet_audited,not_yet_audited,review_required,6362,34086,1b2942642bd31432e0ddb0c4f804a8c12f2fe5e397b1c4ee023b33f2b9e8cee5,"Creator and title labels derive from the preserved corpus filename and, where available, an explicit file header; bibliographic verification remains ongoing."
BGH164,BGH164_Q_E_D_A_Fight_with_a_Ghost.txt,Q E D,A Fight with a Ghost,,English,review_required,,,review_required,ghost/supernatural fiction,active,not_yet_audited,not_yet_audited,review_required,3570,19703,3ef7b274c1e0813090580a962c61266681eea6518b419f499aa95749fbe1ed7f,"Creator and title labels derive from the preserved corpus filename and, where available, an explicit file header; bibliographic verification remains ongoing."
BGH165,BGH165_Author_unresolved_A_Misfit_Ghost.txt,Unresolved,A Misfit Ghost,,English,review_required,,,review_required,ghost/supernatural fiction,active,not_yet_audited,not_yet_audited,review_required,1047,5913,f8ec16e5a8c42848fb2ba1da2ddb44eabfcc3ca200de61e4a91800bc465e06bd,"Creator and title labels derive from the preserved corpus filename and, where available, an explicit file header; bibliographic verification remains ongoing."
BGH166,BGH166_Author_unresolved_A_Phantom_Toe.txt,Unresolved,A Phantom Toe,,English,review_required,,,review_required,ghost/supernatural fiction,active,not_yet_audited,not_yet_audited,review_required,1120,6208,637b2d04cc97b8b5c7e1f4db70422833aa902103af0702e5d1f149a23dc2b7ee,"Creator and title labels derive from the preserved corpus filename and, where available, an explicit file header; bibliographic verification remains ongoing."
BGH167,BGH167_Author_unresolved_An_Unbidden_Guest.txt,Unresolved,An Unbidden Guest,,English,review_required,,,review_required,ghost/supernatural fiction,active,not_yet_audited,not_yet_audited,review_required,1066,6366,396bb493410f595e220da2260532cd295959cfa1ab2a47129191d018536ba1a1,"Creator and title labels derive from the preserved corpus filename and, where available, an explicit file header; bibliographic verification remains ongoing."
BGH168,BGH168_Author_unresolved_Colonel_Halifaxs_Ghost_Story.txt,Unresolved,Colonel Halifaxs Ghost Story,,English,review_required,,,review_required,ghost/supernatural fiction,active,not_yet_audited,not_yet_audited,review_required,4622,24902,811e1bf01993bdefa815eb42731c31406816fd9754b79495dca9885b25b8ac40,"Creator and title labels derive from the preserved corpus filename and, where available, an explicit file header; bibliographic verification remains ongoing."
BGH169,BGH169_Guy_de_Maupassant_From_the_Tomb.txt,Guy de Maupassant,From the Tomb,,English,review_required,,,review_required,ghost/supernatural fiction,active,not_yet_audited,not_yet_audited,review_required,1900,10883,3f3cc8679f8e0a762586baea81b012580d8fade87ea5353e1941fa706839e0c6,"Creator and title labels derive from the preserved corpus filename and, where available, an explicit file header; bibliographic verification remains ongoing."
BGH170,BGH170_Arnold_M_Anderson_Ghost_of_Buckstown_Inn.txt,Arnold M Anderson,Ghost of Buckstown Inn,,English,review_required,,,review_required,ghost/supernatural fiction,active,not_yet_audited,not_yet_audited,review_required,1729,9614,2f859dd212e45d424c6694a10edc8432a673b3df64b9640b4c7b6cd5d5e75fbb,"Creator and title labels derive from the preserved corpus filename and, where available, an explicit file header; bibliographic verification remains ongoing."
BGH171,BGH171_C_D_Grand_Dames_Ghost_Story.txt,C D,Grand Dames Ghost Story,,English,review_required,,,review_required,ghost/supernatural fiction,active,not_yet_audited,not_yet_audited,review_required,1993,10826,7d256f793105a80de1eeecb8ad5a6bb139532c6f14fbd4bd107ef879f8e62a22,"Creator and title labels derive from the preserved corpus filename and, where available, an explicit file header; bibliographic verification remains ongoing."
BGH172,BGH172_Author_unresolved_How_He_Caught_the_Ghost.txt,Unresolved,How He Caught the Ghost,,English,review_required,,,review_required,ghost/supernatural fiction,active,not_yet_audited,not_yet_audited,review_required,2253,12170,923093ac442fb95a5bc2647986c84d3ca9d97ab361347cf4bf815d70cea5c6ed,"Creator and title labels derive from the preserved corpus filename and, where available, an explicit file header; bibliographic verification remains ongoing."
BGH173,BGH173_Frederick_F_Schrader_Mrs_Davenports_Ghost.txt,Frederick F Schrader,Mrs Davenports Ghost,,English,review_required,,,review_required,ghost/supernatural fiction,active,not_yet_audited,not_yet_audited,review_required,1767,10343,37e034567944e0a4df8c079720ea18e09044b940f2e6ab70293b252283cfeaa1,"Creator and title labels derive from the preserved corpus filename and, where available, an explicit file header; bibliographic verification remains ongoing."
BGH174,BGH174_Author_unresolved_Sandys_Ghost.txt,Unresolved,Sandys Ghost,,English,review_required,,,review_required,ghost/supernatural fiction,active,not_yet_audited,not_yet_audited,review_required,1973,10712,eb20376d10dbf0456767ab5e4072572902f9b9159164e3e4c4c43abf8e2e32a1,"Creator and title labels derive from the preserved corpus filename and, where available, an explicit file header; bibliographic verification remains ongoing."
BGH175,BGH175_Author_unresolved_The_Burglars_Ghost.txt,Unresolved,The Burglars Ghost,,English,review_required,,,review_required,ghost/supernatural fiction,active,not_yet_audited,not_yet_audited,review_required,4032,21763,8d2cc6b1f307bf3e73fe5f9eb4e9f4893cd9ac938e97eb6f5841fbe300667207,"Creator and title labels derive from the preserved corpus filename and, where available, an explicit file header; bibliographic verification remains ongoing."
BGH176,BGH176_Joseph_Sheridan_Le_Fanu_Mr_Justice_Harbottle.txt,Joseph Sheridan Le Fanu,Mr Justice Harbottle,,English,review_required,,,review_required,ghost/supernatural fiction,active,not_yet_audited,not_yet_audited,review_required,12615,70247,1d8dee4639ab9d74a5c3b48008dd9736ec325ea23378f038f2135e60631c31d6,"Creator and title labels derive from the preserved corpus filename and, where available, an explicit file header; bibliographic verification remains ongoing."
BGH177,BGH177_Arthur_Conan_Doyle_The_Captain_of_the_Pole_Star.txt,Arthur Conan Doyle,The Captain of the Pole Star,,English,review_required,,,review_required,ghost/supernatural fiction,active,not_yet_audited,not_yet_audited,review_required,10024,54569,eafa823ddb5910a64e0ea5f079835fb5dced1ed19bd2cd3115c9f3bcae9a46cb,"Creator and title labels derive from the preserved corpus filename and, where available, an explicit file header; bibliographic verification remains ongoing."
BGH178,BGH178_Arthur_Conan_Doyle_The_Brown_Hand.txt,Arthur Conan Doyle,The Brown Hand,,English,review_required,,,review_required,ghost/supernatural fiction,active,not_yet_audited,not_yet_audited,review_required,6116,33515,4c981839b1d1257d366e6e2d37d37a188ad16b6c9fa28d47150257259792c37a,"Creator and title labels derive from the preserved corpus filename and, where available, an explicit file header; bibliographic verification remains ongoing."
BGH179,BGH179_Algernon_Blackwood_The_Listener.txt,Algernon Blackwood,The Listener,,English,review_required,,,review_required,ghost/supernatural fiction,active,not_yet_audited,not_yet_audited,review_required,10604,58307,da674bf8c5743551fdb3d8b9338679cd13c55532244e32cfceb29b62cbadc2ac,"Creator and title labels derive from the preserved corpus filename and, where available, an explicit file header; bibliographic verification remains ongoing."
BGH180,BGH180_Algernon_Blackwood_The_Empty_House.txt,Algernon Blackwood,The Empty House,,English,review_required,,,review_required,ghost/supernatural fiction,active,not_yet_audited,not_yet_audited,review_required,6231,35758,543c473263bc205599cf7055f493dc2f9f47818b9d660aca281474037de0e2cd,"Creator and title labels derive from the preserved corpus filename and, where available, an explicit file header; bibliographic verification remains ongoing."
BGH181,BGH181_Algernon_Blackwood_A_Haunted_Island.txt,Algernon Blackwood,A Haunted Island,,English,review_required,,,review_required,ghost/supernatural fiction,active,not_yet_audited,not_yet_audited,review_required,6618,36245,bbea9e29519097838e3eb2a266b8869ec695a8464f3d7a1a23e2a69f465f39cb,"Creator and title labels derive from the preserved corpus filename and, where available, an explicit file header; bibliographic verification remains ongoing."
BGH182,BGH182_Wilkie_Collins_The_Haunted_Hotel_A_Mystery_of_Modern_Venice.txt,Wilkie Collins,The Haunted Hotel A Mystery of Modern Venice,,English,review_required,,,review_required,ghost/supernatural fiction,active,not_yet_audited,not_yet_audited,review_required,62723,358364,637fd6b8e01f22faed18a3a31bad480ff4ee3b3cd6af3754ab35f023b471f652,"Creator and title labels derive from the preserved corpus filename and, where available, an explicit file header; bibliographic verification remains ongoing."
BGH183,BGH183_Wilkie_Collins_Mrs_Zant_and_the_Ghost.txt,Wilkie Collins,Mrs Zant and the Ghost,,English,review_required,,,review_required,ghost/supernatural fiction,active,not_yet_audited,not_yet_audited,review_required,4787,26993,a2bff4616861cd885b2877d43dfaa1ae5953c498655d948a9a78e95d6a774444,"Creator and title labels derive from the preserved corpus filename and, where available, an explicit file header; bibliographic verification remains ongoing."
BGH184,BGH184_Rudyard_Kipling_My_Own_True_Ghost_Story.txt,Rudyard Kipling,My Own True Ghost Story,,English,review_required,,,review_required,ghost/supernatural fiction,active,not_yet_audited,not_yet_audited,review_required,3125,17376,24fda577beefe911b20329126593c1d5fcd3617dce9a3660af21b8dad52af553,"Creator and title labels derive from the preserved corpus filename and, where available, an explicit file header; bibliographic verification remains ongoing."
BGH185,BGH185_Rudyard_Kipling_The_House_Surgeon.txt,Rudyard Kipling,The House Surgeon,,English,review_required,,,review_required,ghost/supernatural fiction,active,not_yet_audited,not_yet_audited,review_required,8848,49920,35fd0040fefcfe31a1572f1be2aecc4183d3474b445200bd6848736fe17221f8,"Creator and title labels derive from the preserved corpus filename and, where available, an explicit file header; bibliographic verification remains ongoing."
BGH186,BGH186_Rudyard_Kipling_At_the_End_of_the_Passage.txt,Rudyard Kipling,At the End of the Passage,,English,review_required,,,review_required,ghost/supernatural fiction,active,not_yet_audited,not_yet_audited,review_required,7287,42080,2b2251d5e05150f920c14bf031fc992498fa321cc06c8ab4ecb4f1748b06b2a4,"Creator and title labels derive from the preserved corpus filename and, where available, an explicit file header; bibliographic verification remains ongoing."
BGH187,BGH187_Oscar_Wilde_The_Canterville_Ghost.txt,Oscar Wilde,The Canterville Ghost,,English,review_required,,,review_required,ghost/supernatural fiction,active,not_yet_audited,not_yet_audited,review_required,11631,65364,7c7867f28f2fc2d670bd034213cac5c280caeec36a0da04a0f91cef6dc15ed98,"Creator and title labels derive from the preserved corpus filename and, where available, an explicit file header; bibliographic verification remains ongoing."
BGH188,BGH188_Ann_Radcliffe_The_Mysteries_of_Udolpho.txt,Ann Radcliffe,The Mysteries of Udolpho,,English,review_required,,,review_required,ghost/supernatural fiction,active,not_yet_audited,not_yet_audited,review_required,291590,1700207,e11042cbcfe14525fef61989d27f73980de067b57937e5cbeeef6ddb237b694f,"Creator and title labels derive from the preserved corpus filename and, where available, an explicit file header; bibliographic verification remains ongoing."
BGH189,BGH189_Bram_Stoker_The_Judge_s_House.txt,Bram Stoker,The Judge's House,,English,review_required,,,review_required,ghost/supernatural fiction,active,not_yet_audited,not_yet_audited,review_required,7786,41792,869e23515eab25826f3e171bf2b6ed0b3090bd6244c362b5a84c91122ab750ee,"Creator and title labels derive from the preserved corpus filename and, where available, an explicit file header; bibliographic verification remains ongoing."
BGH190,BGH190_Robert_Louis_Stevenson_The_Body_Snatcher.txt,Robert Louis Stevenson,The Body Snatcher,,English,review_required,,,review_required,ghost/supernatural fiction,active,not_yet_audited,not_yet_audited,review_required,7437,41500,8f8ea4f8efea684c1d8cdf31937a37cf9f81cf8ec046c350fde7d2916af4f3f8,"Creator and title labels derive from the preserved corpus filename and, where available, an explicit file header; bibliographic verification remains ongoing."
BGH191,BGH191_H_G_Wells_The_Red_Room.txt,H G Wells,The Red Room,,English,review_required,,,review_required,ghost/supernatural fiction,active,not_yet_audited,not_yet_audited,review_required,3929,21793,04c5744d7e890986d290516182114c19f28c177e14a078333bf1f6954447f6ce,"Creator and title labels derive from the preserved corpus filename and, where available, an explicit file header; bibliographic verification remains ongoing."
BGH192,BGH192_E_Nesbit_Man_Size_in_Marble.txt,E Nesbit,Man Size in Marble,,English,review_required,,,review_required,ghost/supernatural fiction,active,not_yet_audited,not_yet_audited,review_required,8824,47424,2358f1b1f2659f176a1dfbfab0f9fd39b4001278ed913641df92e2bcda34d27b,"Creator and title labels derive from the preserved corpus filename and, where available, an explicit file header; bibliographic verification remains ongoing."
BGH193,BGH193_E_Nesbit_John_Charrington_s_Wedding.txt,E Nesbit,John Charrington's Wedding,,English,review_required,,,review_required,ghost/supernatural fiction,active,not_yet_audited,not_yet_audited,review_required,2840,15398,aa1e21081cc81982f9373c36580c467ae75852866e3b4f1183e3887a222f3ac1,"Creator and title labels derive from the preserved corpus filename and, where available, an explicit file header; bibliographic verification remains ongoing."
BGH194,BGH194_E_Nesbit_The_Haunted_Inheritance.txt,E Nesbit,The Haunted Inheritance,,English,review_required,,,review_required,ghost/supernatural fiction,active,not_yet_audited,not_yet_audited,review_required,6054,32503,a30be0be67e12867fde49a7d3a2e8cf2a822607920eea560d4e975d25fc72088,"Creator and title labels derive from the preserved corpus filename and, where available, an explicit file header; bibliographic verification remains ongoing."
BGH195,BGH195_E_Nesbit_The_Power_of_Darkness.txt,E Nesbit,The Power of Darkness,,English,review_required,,,review_required,ghost/supernatural fiction,active,not_yet_audited,not_yet_audited,review_required,5363,29722,85c48d84df187a85fa42d8f113e025426266398d20b02c535fe70fbfe0b1eebb,"Creator and title labels derive from the preserved corpus filename and, where available, an explicit file header; bibliographic verification remains ongoing."
BGH196,BGH196_E_Nesbit_The_Ebony_Frame.txt,E Nesbit,The Ebony Frame,,English,review_required,,,review_required,ghost/supernatural fiction,active,not_yet_audited,not_yet_audited,review_required,4245,22939,e503521efc23da2fe431b51bb38d6b95bb12196415e33de8a95bf7cba790555c,"Creator and title labels derive from the preserved corpus filename and, where available, an explicit file header; bibliographic verification remains ongoing."
BGH197,BGH197_E_Nesbit_Uncle_Abraham_s_Romance.txt,E Nesbit,Uncle Abraham's Romance,,English,review_required,,,review_required,ghost/supernatural fiction,active,not_yet_audited,not_yet_audited,review_required,1228,6373,db718a99721aef16f73b9427011e204cb80f38c5dfadf957efc511f529906224,"Creator and title labels derive from the preserved corpus filename and, where available, an explicit file header; bibliographic verification remains ongoing."
BGH198,BGH198_E_Nesbit_The_Mystery_of_the_Semi_Detached.txt,E Nesbit,The Mystery of the Semi Detached,,English,review_required,,,review_required,ghost/supernatural fiction,active,not_yet_audited,not_yet_audited,review_required,1244,6673,23bbf131c431ff16b8eacc5a51cc02706cc61f726633cbf86d7cb45b6a1e6076,"Creator and title labels derive from the preserved corpus filename and, where available, an explicit file header; bibliographic verification remains ongoing."
BGH199,BGH199_E_Nesbit_From_the_Dead.txt,E Nesbit,From the Dead,,English,review_required,,,review_required,ghost/supernatural fiction,active,not_yet_audited,not_yet_audited,review_required,5168,26747,a2a13dbc722ea2a93375c44f78c525ac528e9067f99bfc70794808f5d7c8a3b3,"Creator and title labels derive from the preserved corpus filename and, where available, an explicit file header; bibliographic verification remains ongoing."
BGH200,BGH200_F_Marion_Crawford_The_Dead_Smile.txt,F Marion Crawford,The Dead Smile,,English,review_required,,,review_required,ghost/supernatural fiction,active,not_yet_audited,not_yet_audited,review_required,8512,45742,fcb5f658af643e4b7e304e5a53be30df0e2a980f53e6eaed9ed74a35f5042258,"Creator and title labels derive from the preserved corpus filename and, where available, an explicit file header; bibliographic verification remains ongoing."
BGH201,BGH201_Oliver_Onions_The_Beckoning_Fair_One.txt,Oliver Onions,The Beckoning Fair One,,English,review_required,,,review_required,ghost/supernatural fiction,active,not_yet_audited,not_yet_audited,review_required,11354,63301,27e8fa4380639c11804d974b96e57d2cf324755da26eeb884cb5caf3af384acc,"Creator and title labels derive from the preserved corpus filename and, where available, an explicit file header; bibliographic verification remains ongoing."
BGH202,BGH202_Oliver_Onions_Rooum.txt,Oliver Onions,Rooum,,English,review_required,,,review_required,ghost/supernatural fiction,active,not_yet_audited,not_yet_audited,review_required,5664,30580,aea1c2354f1fd272d7e5f1c745ac28c4b8f0dcf0a6cab34fa027830309d62415,"Creator and title labels derive from the preserved corpus filename and, where available, an explicit file header; bibliographic verification remains ongoing."
BGH203,BGH203_Oliver_Onions_Phantas.txt,Oliver Onions,Phantas,,English,review_required,,,review_required,ghost/supernatural fiction,active,not_yet_audited,not_yet_audited,review_required,5753,32110,bbe5853dbb78409d853e72b9c60f8d7145ae5c422ceabfc5544e61b1ef061980,"Creator and title labels derive from the preserved corpus filename and, where available, an explicit file header; bibliographic verification remains ongoing."
BGH204,BGH204_W_W_Jacobs_The_Monkey_s_Paw.txt,W W Jacobs,The Monkey's Paw,,English,review_required,,,review_required,ghost/supernatural fiction,active,not_yet_audited,not_yet_audited,review_required,3965,22807,c66583942c149e2df1bf6bd4bcabc55285d02215f3bae55abee6e1ed40dd1249,"Creator and title labels derive from the preserved corpus filename and, where available, an explicit file header; bibliographic verification remains ongoing."
BGH205,BGH205_W_W_Jacobs_The_Toll_House.txt,W W Jacobs,The Toll House,,English,review_required,,,review_required,ghost/supernatural fiction,active,not_yet_audited,not_yet_audited,review_required,3534,19989,0f324a76d2b072cc6fc2caf55b6e7cb7c2fa817b3baf19e45221261718ea0375,"Creator and title labels derive from the preserved corpus filename and, where available, an explicit file header; bibliographic verification remains ongoing."
BGH206,BGH206_W_W_Jacobs_The_Three_Sisters.txt,W W Jacobs,The Three Sisters,,English,review_required,,,review_required,ghost/supernatural fiction,active,not_yet_audited,not_yet_audited,review_required,2929,16342,fd6ce3ca2b9ff61977660fe53d9bfb233e8d6f9513c30fed7efaaa89f5f6abf5,"Creator and title labels derive from the preserved corpus filename and, where available, an explicit file header; bibliographic verification remains ongoing."
BGH207,BGH207_Rhoda_Broughton_The_Truth_the_Whole_Truth_and_Nothing_but_the_Truth.txt,Rhoda Broughton,The Truth the Whole Truth and Nothing but the Truth,,English,review_required,,,review_required,ghost/supernatural fiction,active,not_yet_audited,not_yet_audited,review_required,4035,23775,ac435880617a4e76937d8c49d9899356852b20cb34c0694c34cf735461d4a316,"Creator and title labels derive from the preserved corpus filename and, where available, an explicit file header; bibliographic verification remains ongoing."
BGH208,BGH208_Vernon_Lee_A_Wicked_Voice.txt,Vernon Lee,A Wicked Voice,,English,review_required,,,review_required,ghost/supernatural fiction,active,not_yet_audited,not_yet_audited,review_required,10355,59826,b1c33dc216cfd5e2114702e480c84d3d4033f24fe6eba2c88634bf8c62f82cf6,"Creator and title labels derive from the preserved corpus filename and, where available, an explicit file header; bibliographic verification remains ongoing."
BGH209,BGH209_Vernon_Lee_Amour_Dure.txt,Vernon Lee,Amour Dure,,English,review_required,,,review_required,ghost/supernatural fiction,active,not_yet_audited,not_yet_audited,review_required,24527,138502,fd479daa3534ce535fd66e8ccedabd0a507d39d1ec27e4d8d65cbcbda1e4e602,"Creator and title labels derive from the preserved corpus filename and, where available, an explicit file header; bibliographic verification remains ongoing."
BGH210,BGH210_Vernon_Lee_Oke_of_Okehurst.txt,Vernon Lee,Oke of Okehurst,,English,review_required,,,review_required,ghost/supernatural fiction,active,not_yet_audited,not_yet_audited,review_required,20423,115300,f27372090c2fae297e6e77ab410d5488c561262f58bb03d6f833a384b7c3fb85,"Creator and title labels derive from the preserved corpus filename and, where available, an explicit file header; bibliographic verification remains ongoing."
BGH211,BGH211_Florence_Marryat_The_Ghost_of_Charlotte_Cray.txt,Florence Marryat,The Ghost of Charlotte Cray,,English,review_required,,,review_required,ghost/supernatural fiction,active,not_yet_audited,not_yet_audited,review_required,6796,38076,8c85445f260ed427452a93451649bb6b911ce170585f0ff01343120e01018ea4,"Creator and title labels derive from the preserved corpus filename and, where available, an explicit file header; bibliographic verification remains ongoing."
BGH212,BGH212_Guy_de_Maupassant_The_Hand.txt,Guy de Maupassant,The Hand,,English,review_required,,,review_required,ghost/supernatural fiction,active,not_yet_audited,not_yet_audited,review_required,2063,11676,bc4d3eacda3d59564e512b64c11dce7b0fcfe68cbf895ff9df2a88042813c47e,"Creator and title labels derive from the preserved corpus filename and, where available, an explicit file header; bibliographic verification remains ongoing."
BGH214,BGH214_Lord_Dunsany_The_Ghosts.txt,Lord Dunsany,The Ghosts,,English,review_required,,,review_required,ghost/supernatural fiction,active,not_yet_audited,not_yet_audited,review_required,1700,9323,b48da2d7a67719648cfc13728b86d4b84fdfc0694af4607d8806d13dbaefaaff,"Creator and title labels derive from the preserved corpus filename and, where available, an explicit file header; bibliographic verification remains ongoing."
BGH215,BGH215_Richard_Marsh_The_Haunted_Chair.txt,Richard Marsh,The Haunted Chair,,English,review_required,,,review_required,ghost/supernatural fiction,active,not_yet_audited,not_yet_audited,review_required,15153,84458,2d52f4c3811c223347e337883bb2d8e12a215035a5b848632ae29c65637dee46,"Creator and title labels derive from the preserved corpus filename and, where available, an explicit file header; bibliographic verification remains ongoing."
BGH216,BGH216_Sabine_Baring_Gould_The_Leaden_Ring.txt,Sabine Baring Gould,The Leaden Ring,,English,review_required,,,review_required,ghost/supernatural fiction,active,not_yet_audited,not_yet_audited,review_required,5148,27923,c9a768de8436d78770402471f30faf063135206a72ec1400e1318eb8dfd3e84c,"Creator and title labels derive from the preserved corpus filename and, where available, an explicit file header; bibliographic verification remains ongoing."
BGH217,BGH217_Sabine_Baring_Gould_The_Mother_of_Pansies.txt,Sabine Baring Gould,The Mother of Pansies,,English,review_required,,,review_required,ghost/supernatural fiction,active,not_yet_audited,not_yet_audited,review_required,5645,30723,f3d44e07cb6fc88098e085af2b0939eebd51ca797ce2ed488070dc41f24b2d88,"Creator and title labels derive from the preserved corpus filename and, where available, an explicit file header; bibliographic verification remains ongoing."
BGH218,BGH218_Sabine_Baring_Gould_Jean_Bouchon.txt,Sabine Baring Gould,Jean Bouchon,,English,review_required,,,review_required,ghost/supernatural fiction,active,not_yet_audited,not_yet_audited,review_required,577,3318,0fbb3405dae94848aee5b0a566ff4f276998234b2ae12656408e6a8986c305e4,"Creator and title labels derive from the preserved corpus filename and, where available, an explicit file header; bibliographic verification remains ongoing."
BGH219,BGH219_Sabine_Baring_Gould_Pomps_and_Vanities.txt,Sabine Baring Gould,Pomps and Vanities,,English,review_required,,,review_required,ghost/supernatural fiction,active,not_yet_audited,not_yet_audited,review_required,9517,52121,bde986c31d37ca58f073bb3b0344635af5c67b0794465e91ddc7bda127182aa7,"Creator and title labels derive from the preserved corpus filename and, where available, an explicit file header; bibliographic verification remains ongoing."
BGH220,BGH220_Jerome_K_Jerome_The_Haunted_Mill.txt,Jerome K Jerome,The Haunted Mill,,English,review_required,,,review_required,ghost/supernatural fiction,active,not_yet_audited,not_yet_audited,review_required,1191,6475,655e862298d6749e7203c3c3f5b32b09c7dcb910556deaa47b718b9d9d3c8082,"Creator and title labels derive from the preserved corpus filename and, where available, an explicit file header; bibliographic verification remains ongoing."
BGH221,BGH221_Jerome_K_Jerome_The_Ghost_of_the_Blue_Chamber.txt,Jerome K Jerome,The Ghost of the Blue Chamber,,English,review_required,,,review_required,ghost/supernatural fiction,active,not_yet_audited,not_yet_audited,review_required,922,5159,fa22a6cf399d3baf0ecc8a927f41580165a4bd0cd2206035832837a371434c68,"Creator and title labels derive from the preserved corpus filename and, where available, an explicit file header; bibliographic verification remains ongoing."
BGH222,BGH222_Jerome_K_Jerome_An_Item_of_Fashionable_Intelligence.txt,Jerome K Jerome,An Item of Fashionable Intelligence,,English,review_required,,,review_required,ghost/supernatural fiction,active,not_yet_audited,not_yet_audited,review_required,6148,34552,f9a0a0934921df5791f24ff81f796d9a28b5d543308b2fd1886b845173ebb393,"Creator and title labels derive from the preserved corpus filename and, where available, an explicit file header; bibliographic verification remains ongoing."
BGH223,BGH223_John_Meade_Falkner_The_Lost_Stradivarius.txt,John Meade Falkner,The Lost Stradivarius,,English,review_required,,,review_required,ghost/supernatural fiction,active,not_yet_audited,not_yet_audited,review_required,50030,277378,97b9ecb65109ab8a52a25d31e480c7e8b6af1795c852dbc9435c82a5f84079e5,"Creator and title labels derive from the preserved corpus filename and, where available, an explicit file header; bibliographic verification remains ongoing."
BGH224,BGH224_Emily_Bronte_Wuthering_Heights.txt,Emily Bronte,Wuthering Heights,,English,review_required,,,review_required,ghost/supernatural fiction,active,not_yet_audited,not_yet_audited,review_required,116519,661563,ddb865d9d295d33d17bc985191ff27e7bc066b85cfe969572cb9488c38d77a22,"Creator and title labels derive from the preserved corpus filename and, where available, an explicit file header; bibliographic verification remains ongoing."
BGH225,BGH225_Richard_Harris_Barham_The_Spectre_of_Tappington.txt,Richard Harris Barham,The Spectre of Tappington,,English,review_required,,,review_required,ghost/supernatural fiction,active,not_yet_audited,not_yet_audited,review_required,7968,48100,72c369410154e0af79711ff8d4b13347c23a5845f1e8c88489651ecaf530eb5b,"Creator and title labels derive from the preserved corpus filename and, where available, an explicit file header; bibliographic verification remains ongoing."
BGH226,BGH226_E_F_Benson_Caterpillars.txt,E F Benson,Caterpillars,,English,review_required,,,review_required,ghost/supernatural fiction,active,not_yet_audited,not_yet_audited,review_required,3499,19206,fd3503e377b07ec73b4415fb2729d35d9b0d900fe2024c769eefd3242f10178a,"Creator and title labels derive from the preserved corpus filename and, where available, an explicit file header; bibliographic verification remains ongoing."
BGH227,BGH227_E_F_Benson_The_Bus_Conductor.txt,E F Benson,The Bus Conductor,,English,review_required,,,review_required,ghost/supernatural fiction,active,not_yet_audited,not_yet_audited,review_required,3459,18529,e4a43b6c51572405a4c687b3037d5786cf612766ef69294a94e266b6edb4acff,"Creator and title labels derive from the preserved corpus filename and, where available, an explicit file header; bibliographic verification remains ongoing."
BGH228,BGH228_William_Hope_Hodgson_The_Ghost_Pirates.txt,William Hope Hodgson,The Ghost Pirates,,English,review_required,,,review_required,ghost/supernatural fiction,active,not_yet_audited,not_yet_audited,review_required,47339,256329,fe058932a646078b49cbae10f88044ef5d6ae07bc917188f1555c50376435ee9,"Creator and title labels derive from the preserved corpus filename and, where available, an explicit file header; bibliographic verification remains ongoing."
BGH229,BGH229_E_H_Visiak_The_Haunted_Island.txt,E H Visiak,The Haunted Island,,English,review_required,,,review_required,ghost/supernatural fiction,active,not_yet_audited,not_yet_audited,review_required,41735,232692,aa2aa7629b0d4b055febf639c7ac9b8f75a872c109deffc59326e755874aa7c0,"Creator and title labels derive from the preserved corpus filename and, where available, an explicit file header; bibliographic verification remains ongoing."
BGH230,BGH230_Mary_Louisa_Molesworth_The_Tapestry_Room_A_Child_s_Romance.txt,Mary Louisa Molesworth,The Tapestry Room A Child's Romance,,English,review_required,,,review_required,ghost/supernatural fiction,active,not_yet_audited,not_yet_audited,review_required,49655,272101,5a9ca7110c3e4b652ee663d7587d5aa24bd00a633a6cb95cc33cab364c03e0e3,"Creator and title labels derive from the preserved corpus filename and, where available, an explicit file header; bibliographic verification remains ongoing."
BGH231,BGH231_Walter_de_la_Mare_The_Return.txt,Walter de la Mare,The Return,,English,review_required,,,review_required,ghost/supernatural fiction,active,not_yet_audited,not_yet_audited,review_required,80929,463966,aee97447283b500a6f5ebfd2ec1f6b0cb90419385bc9e0cc81d5dfe30826e7c6,"Creator and title labels derive from the preserved corpus filename and, where available, an explicit file header; bibliographic verification remains ongoing."
BGH232,BGH232_Mrs_Henry_Wood_The_Mystery_of_Jessy_Page.txt,Mrs Henry Wood,The Mystery of Jessy Page,,English,review_required,,,review_required,ghost/supernatural fiction,active,not_yet_audited,not_yet_audited,review_required,15925,86857,39acbba5bdb85b8071ea757028794b537086a3f91d650de52f76d689cd2c6a8a,"Creator and title labels derive from the preserved corpus filename and, where available, an explicit file header; bibliographic verification remains ongoing."
BGH233,BGH233_Mrs_Henry_Wood_Reality_or_Delusion.txt,Mrs Henry Wood,Reality or Delusion,,English,review_required,,,review_required,ghost/supernatural fiction,active,not_yet_audited,not_yet_audited,review_required,6951,36990,6c4e2ebb94508419af92e232f4ef60271322ec8d647c4a2fc6b70aa1cc4c6be4,"Creator and title labels derive from the preserved corpus filename and, where available, an explicit file header; bibliographic verification remains ongoing."
BGH234,BGH234_John_Kendrick_Bangs_A_House_Boat_on_the_Styx.txt,John Kendrick Bangs,A House Boat on the Styx,,English,review_required,,,review_required,ghost/supernatural fiction,active,not_yet_audited,not_yet_audited,review_required,27227,153902,19c5b729ac9da14d903554841de9deaebb5811b935b9cd4c7776154bd32c06c4,"Creator and title labels derive from the preserved corpus filename and, where available, an explicit file header; bibliographic verification remains ongoing."
BGH235,BGH235_John_Kendrick_Bangs_The_Spectre_Cook_of_Bangletop.txt,John Kendrick Bangs,The Spectre Cook of Bangletop,,English,review_required,,,review_required,ghost/supernatural fiction,active,not_yet_audited,not_yet_audited,review_required,10572,60677,a4c4a9e06f535836ab66c6b6c83d9413c1e89d5e503adfb4df596f62c2b408e5,"Creator and title labels derive from the preserved corpus filename and, where available, an explicit file header; bibliographic verification remains ongoing."
BGH236,BGH236_Gertrude_Atherton_The_Bell_in_the_Fog.txt,Gertrude Atherton,The Bell in the Fog,,English,review_required,,,review_required,ghost/supernatural fiction,active,not_yet_audited,not_yet_audited,review_required,9102,51022,07fafb0e67b8d83b5c56ef91bcd9f06b39dd34ebfac111487ccd022e8cb8014a,"Creator and title labels derive from the preserved corpus filename and, where available, an explicit file header; bibliographic verification remains ongoing."
BGH237,BGH237_Gertrude_Atherton_The_Dead_and_the_Countess.txt,Gertrude Atherton,The Dead and the Countess,,English,review_required,,,review_required,ghost/supernatural fiction,active,not_yet_audited,not_yet_audited,review_required,5261,28379,6569b6dfb498779613bcdd1e03a3bb3c956149b9c96a33b9b926705bdfbda510,"Creator and title labels derive from the preserved corpus filename and, where available, an explicit file header; bibliographic verification remains ongoing."
BGH238,BGH238_Margaret_Oliphant_Old_Lady_Mary.txt,Margaret Oliphant,Old Lady Mary,,English,review_required,,,review_required,ghost/supernatural fiction,active,not_yet_audited,not_yet_audited,review_required,27247,145650,2f568c401146ab35e34ba736faa1de243077256c4c8ff21e563dac21dd492e36,"Creator and title labels derive from the preserved corpus filename and, where available, an explicit file header; bibliographic verification remains ongoing."
BGH239,BGH239_Margaret_Oliphant_A_Little_Pilgrim_in_the_Unseen.txt,Margaret Oliphant,A Little Pilgrim in the Unseen,,English,review_required,,,review_required,ghost/supernatural fiction,active,not_yet_audited,not_yet_audited,review_required,26667,137669,1e15077c1bc08001c86d37e64452d08151543ded10bb67cdd9909359a2eb9061,"Creator and title labels derive from the preserved corpus filename and, where available, an explicit file header; bibliographic verification remains ongoing."
BGH240,BGH240_Margaret_Oliphant_The_Little_Pilgrim_Further_Experiences.txt,Margaret Oliphant,The Little Pilgrim Further Experiences,,English,review_required,,,review_required,ghost/supernatural fiction,active,not_yet_audited,not_yet_audited,review_required,42250,220930,09dd8410d1869585fc5b029081951ba1ed8a5e3677df4c1c653054022e213dc4,"Creator and title labels derive from the preserved corpus filename and, where available, an explicit file header; bibliographic verification remains ongoing."
BGH241,BGH241_Margaret_Oliphant_The_Portrait.txt,Margaret Oliphant,The Portrait,,English,review_required,,,review_required,ghost/supernatural fiction,active,not_yet_audited,not_yet_audited,review_required,16714,89984,c75c4f8e76e90d65f674469b68cd48ddefb9e835b6290765983a8736365cc689,"Creator and title labels derive from the preserved corpus filename and, where available, an explicit file header; bibliographic verification remains ongoing."
BGH242,BGH242_Margaret_Oliphant_A_Beleaguered_City.txt,Margaret Oliphant,A Beleaguered City,,English,review_required,,,review_required,ghost/supernatural fiction,active,not_yet_audited,not_yet_audited,review_required,47233,249704,6d80f696755e4c98004906f85b821d8cb980482a4a015707f1b48fccbaf6e311,"Creator and title labels derive from the preserved corpus filename and, where available, an explicit file header; bibliographic verification remains ongoing."
BGH243,BGH243_Mary_Louisa_Molesworth_Lady_Farquhar_s_Old_Lady.txt,Mary Louisa Molesworth,Lady Farquhar's Old Lady,,English,review_required,,,review_required,ghost/supernatural fiction,active,not_yet_audited,not_yet_audited,review_required,6134,32618,c685929cf0c95bc59d95570454642251edf3c77130fa66341a9229774557ab81,"Creator and title labels derive from the preserved corpus filename and, where available, an explicit file header; bibliographic verification remains ongoing."
BGH244,BGH244_Mary_Louisa_Molesworth_Witnessed_by_Two.txt,Mary Louisa Molesworth,Witnessed by Two,,English,review_required,,,review_required,ghost/supernatural fiction,active,not_yet_audited,not_yet_audited,review_required,5945,32601,be1d6cdc118083298374517d40e06d645c9c0d03ebb7db03767d2285cf822885,"Creator and title labels derive from the preserved corpus filename and, where available, an explicit file header; bibliographic verification remains ongoing."
BGH245,BGH245_Mary_Louisa_Molesworth_Unexplained.txt,Mary Louisa Molesworth,Unexplained,,English,review_required,,,review_required,ghost/supernatural fiction,active,not_yet_audited,not_yet_audited,review_required,19519,106315,88cee049915dbe87fcdee306a1ba90bcab28f71ac5feb8ec08154fb1bb31a289,"Creator and title labels derive from the preserved corpus filename and, where available, an explicit file header; bibliographic verification remains ongoing."
BGH246,BGH246_Mary_Louisa_Molesworth_The_Story_of_the_Rippling_Train.txt,Mary Louisa Molesworth,The Story of the Rippling Train,,English,review_required,,,review_required,ghost/supernatural fiction,active,not_yet_audited,not_yet_audited,review_required,3920,21254,78557f82a763f33691563f02eec35e0fc32dba2827ff11c79eeef30aba38b648,"Creator and title labels derive from the preserved corpus filename and, where available, an explicit file header; bibliographic verification remains ongoing."
BGH247,BGH247_Mary_Louisa_Molesworth_The_Shadow_in_the_Moonlight.txt,Mary Louisa Molesworth,The Shadow in the Moonlight,,English,review_required,,,review_required,ghost/supernatural fiction,active,not_yet_audited,not_yet_audited,review_required,15784,87542,81bb0edcdac8e39922fcbd77c6418bb9575a1c5dd640e987400822eb403ceabb,"Creator and title labels derive from the preserved corpus filename and, where available, an explicit file header; bibliographic verification remains ongoing."
BGH248,BGH248_Mary_Louisa_Molesworth_The_Man_with_the_Cough.txt,Mary Louisa Molesworth,The Man with the Cough,,English,review_required,,,review_required,ghost/supernatural fiction,active,not_yet_audited,not_yet_audited,review_required,6063,33439,abe830fc361f833499f1b295105d150c0d891d25fe9c56acfc599aff5501f837,"Creator and title labels derive from the preserved corpus filename and, where available, an explicit file header; bibliographic verification remains ongoing."
BGH249,BGH249_Mary_Louisa_Molesworth_Half_Way_Between_the_Stiles.txt,Mary Louisa Molesworth,Half Way Between the Stiles,,English,review_required,,,review_required,ghost/supernatural fiction,active,not_yet_audited,not_yet_audited,review_required,5589,31398,24c20ce6bace225d89da6e76eb2bd3387030212c20d94fccf5bf0c4bf6d49418,"Creator and title labels derive from the preserved corpus filename and, where available, an explicit file header; bibliographic verification remains ongoing."
BGH250,BGH250_Mary_Louisa_Molesworth_At_the_Dip_of_the_Road.txt,Mary Louisa Molesworth,At the Dip of the Road,,English,review_required,,,review_required,ghost/supernatural fiction,active,not_yet_audited,not_yet_audited,review_required,2342,12576,b37248e27a630a6642c7a271c17899b5c60d933ecb71a9097cb7100f3bd26056,"Creator and title labels derive from the preserved corpus filename and, where available, an explicit file header; bibliographic verification remains ongoing."
BGH251,BGH251_Mary_Louisa_Molesworth_Will_Not_Take_Place.txt,Mary Louisa Molesworth,Will Not Take Place,,English,review_required,,,review_required,ghost/supernatural fiction,active,not_yet_audited,not_yet_audited,review_required,5649,31722,0c52f1a2924a1def5a46731b89a15972b2f472d2d49078357c7d8c937d72eca1,"Creator and title labels derive from the preserved corpus filename and, where available, an explicit file header; bibliographic verification remains ongoing."
BGH252,BGH252_Mary_Louisa_Molesworth_The_Clock_That_Struck_Thirteen.txt,Mary Louisa Molesworth,The Clock That Struck Thirteen,,English,review_required,,,review_required,ghost/supernatural fiction,active,not_yet_audited,not_yet_audited,review_required,9262,52077,62645b2c9ceff0cd835285e94c765f095876eadebfea09b372c7ce63ef016167,"Creator and title labels derive from the preserved corpus filename and, where available, an explicit file header; bibliographic verification remains ongoing."
BGH253,BGH253_Catherine_Crowe_The_Lover_s_Farewell.txt,Catherine Crowe,The Lover's Farewell,,English,review_required,,,review_required,ghost/supernatural fiction,active,not_yet_audited,not_yet_audited,review_required,831,4372,54174d36ee1270d5620a4ce2332648c4af8629b4d3215769df7e5badfcd37434,"Creator and title labels derive from the preserved corpus filename and, where available, an explicit file header; bibliographic verification remains ongoing."
BGH254,BGH254_Catherine_Crowe_The_Appointment_Kept.txt,Catherine Crowe,The Appointment Kept,,English,review_required,,,review_required,ghost/supernatural fiction,active,not_yet_audited,not_yet_audited,review_required,2237,12449,4159003355ab178dcdfed3780fe0c3c5f468084ac7504bd13a304dbbf2c76cf4,"Creator and title labels derive from the preserved corpus filename and, where available, an explicit file header; bibliographic verification remains ongoing."
BGH255,BGH255_Catherine_Crowe_The_Italian_s_Story.txt,Catherine Crowe,The Italian's Story,,English,review_required,,,review_required,ghost/supernatural fiction,active,not_yet_audited,not_yet_audited,review_required,7067,38528,5624cb3a37f05f765126a2dce16be717afa0f0a24f62b4a11da9c49e961b9711,"Creator and title labels derive from the preserved corpus filename and, where available, an explicit file header; bibliographic verification remains ongoing."
BGH256,BGH256_Catherine_Crowe_The_Dutch_Officer_s_Story.txt,Catherine Crowe,The Dutch Officer's Story,,English,review_required,,,review_required,ghost/supernatural fiction,active,not_yet_audited,not_yet_audited,review_required,3562,19037,116252fbb299b5d815a438bfa7f3fec7ea98cc2fd0d7340839ecd279955a5981,"Creator and title labels derive from the preserved corpus filename and, where available, an explicit file header; bibliographic verification remains ongoing."
BGH257,BGH257_Catherine_Crowe_The_Old_French_Gentleman_s_Story.txt,Catherine Crowe,The Old French Gentleman's Story,,English,review_required,,,review_required,ghost/supernatural fiction,active,not_yet_audited,not_yet_audited,review_required,5750,32992,1dc1d4f37f165794f2de1488cfa35cc3ba5b5a552b4e40f520b6deb5480ad8bf,"Creator and title labels derive from the preserved corpus filename and, where available, an explicit file header; bibliographic verification remains ongoing."
BGH258,BGH258_Catherine_Crowe_The_Swiss_Lady_s_Story.txt,Catherine Crowe,The Swiss Lady's Story,,English,review_required,,,review_required,ghost/supernatural fiction,active,not_yet_audited,not_yet_audited,review_required,7517,42317,861009f5800f9d9a4e3ed1169f1a5770fad6121ce83a65295c192ca983542c63,"Creator and title labels derive from the preserved corpus filename and, where available, an explicit file header; bibliographic verification remains ongoing."
BGH259,BGH259_Catherine_Crowe_The_Sheep_Farmer_s_Story.txt,Catherine Crowe,The Sheep Farmer's Story,,English,review_required,,,review_required,ghost/supernatural fiction,active,not_yet_audited,not_yet_audited,review_required,5906,32617,97772800b0ff8ba0fc61fc2d25eb51e8c7d133247de480e43f5d12ff8ae04056,"Creator and title labels derive from the preserved corpus filename and, where available, an explicit file header; bibliographic verification remains ongoing."
BGH260,BGH260_Catherine_Crowe_My_Friend_s_Story.txt,Catherine Crowe,My Friend's Story,,English,review_required,,,review_required,ghost/supernatural fiction,active,not_yet_audited,not_yet_audited,review_required,2521,13770,38f90b8bf29fb7e3af7359493f6885636075c20b98fb78ddcd212cbf2c2e32fa,"Creator and title labels derive from the preserved corpus filename and, where available, an explicit file header; bibliographic verification remains ongoing."
BGH261,BGH261_Mrs_Henry_Wood_David_Garth_s_Night_Watch.txt,Mrs Henry Wood,David Garth's Night Watch,,English,review_required,,,review_required,ghost/supernatural fiction,active,not_yet_audited,not_yet_audited,review_required,9489,50716,bf3b5d4569c21c5daf94cde9c115672e3b04fb17320b0373f0ada4f1223787f1,"Creator and title labels derive from the preserved corpus filename and, where available, an explicit file header; bibliographic verification remains ongoing."
BGH262,BGH262_Mrs_Henry_Wood_David_Garth_s_Ghost.txt,Mrs Henry Wood,David Garth's Ghost,,English,review_required,,,review_required,ghost/supernatural fiction,active,not_yet_audited,not_yet_audited,review_required,8862,48322,44778fee41eb757e08727394b6c9472aec9fa4eb0c287d6656385c3655ea9e88,"Creator and title labels derive from the preserved corpus filename and, where available, an explicit file header; bibliographic verification remains ongoing."
BGH263,BGH263_Mrs_Henry_Wood_Seen_in_the_Moonlight.txt,Mrs Henry Wood,Seen in the Moonlight,,English,review_required,,,review_required,ghost/supernatural fiction,active,not_yet_audited,not_yet_audited,review_required,8691,46710,c65bb7d6119dfa39379cb6bd6bfe6cfdea3c4890819265a22d01d6cd6a92b736,"Creator and title labels derive from the preserved corpus filename and, where available, an explicit file header; bibliographic verification remains ongoing."
BGH264,BGH264_Mrs_Henry_Wood_Crabb_Ravine.txt,Mrs Henry Wood,Crabb Ravine,,English,review_required,,,review_required,ghost/supernatural fiction,active,not_yet_audited,not_yet_audited,review_required,17025,90240,05526fb2d119c69b5c6946e80e13c73e5100cd30c45a63796b743a79e183a67a,"Creator and title labels derive from the preserved corpus filename and, where available, an explicit file header; bibliographic verification remains ongoing."
BGH265,BGH265_Mrs_Henry_Wood_Charlotte_and_Charlotte.txt,Mrs Henry Wood,Charlotte and Charlotte,,English,review_required,,,review_required,ghost/supernatural fiction,active,not_yet_audited,not_yet_audited,review_required,8730,47034,2d0d018118fc5f255c7174af008dfabfdb1c3a65d254f5a62b7298fc6548b8de,"Creator and title labels derive from the preserved corpus filename and, where available, an explicit file header; bibliographic verification remains ongoing."
BGH266,BGH266_Mrs_Henry_Wood_The_Angels_Music.txt,Mrs Henry Wood,The Angels Music,,English,review_required,,,review_required,ghost/supernatural fiction,active,not_yet_audited,not_yet_audited,review_required,7488,41232,5a4422d4a782598900dcc29e55bdebf9b6a2cc4286b241fd806568dbdc5368f0,"Creator and title labels derive from the preserved corpus filename and, where available, an explicit file header; bibliographic verification remains ongoing."
BGH267,BGH267_Mrs_Henry_Wood_A_Curious_Experience.txt,Mrs Henry Wood,A Curious Experience,,English,review_required,,,review_required,ghost/supernatural fiction,active,not_yet_audited,not_yet_audited,review_required,7990,43179,b8f9bc1589c97c6ad6f7e3b757e773e884e07bc6dc72a30ca306b147881c5ad6,"Creator and title labels derive from the preserved corpus filename and, where available, an explicit file header; bibliographic verification remains ongoing."
BGH268,BGH268_Florence_Marryat_The_Invisible_Tenants_of_Rushmere.txt,Florence Marryat,The Invisible Tenants of Rushmere,,English,review_required,,,review_required,ghost/supernatural fiction,active,not_yet_audited,not_yet_audited,review_required,11117,61786,1d19292039f91ff2b91f18cc31127c5831004d6cfc8c1a955993c11c11bf1175,"Creator and title labels derive from the preserved corpus filename and, where available, an explicit file header; bibliographic verification remains ongoing."
BGH269,BGH269_Florence_Marryat_Little_White_Souls.txt,Florence Marryat,Little White Souls,,English,review_required,,,review_required,ghost/supernatural fiction,active,not_yet_audited,not_yet_audited,review_required,10077,55768,0b202804d2cee4ffb91f5296bd1d64cd87d5eb27829812a753066921628645c1,"Creator and title labels derive from the preserved corpus filename and, where available, an explicit file header; bibliographic verification remains ongoing."
BGH270,BGH270_Florence_Marryat_A_Midsummer_s_Nightmare.txt,Florence Marryat,A Midsummer's Nightmare,,English,review_required,,,review_required,ghost/supernatural fiction,active,not_yet_audited,not_yet_audited,review_required,6492,36580,1a8c4b7cf6fae2f948c81f0a12004d8e987660b007d0e43fa85153bfe609c3ad,"Creator and title labels derive from the preserved corpus filename and, where available, an explicit file header; bibliographic verification remains ongoing."
BGH271,BGH271_Christina_Rossetti_At_Home.txt,Christina Rossetti,At Home,,English,review_required,,,review_required,ghost/supernatural fiction,active,not_yet_audited,not_yet_audited,review_required,199,1244,c09379cbe5a4a0f3591c41980f6aa242818cacba0a576deb0cf97b717f9e4115,"Creator and title labels derive from the preserved corpus filename and, where available, an explicit file header; bibliographic verification remains ongoing."
BGH272,BGH272_Christina_Rossetti_The_Hour_and_the_Ghost.txt,Christina Rossetti,The Hour and the Ghost,,English,review_required,,,review_required,ghost/supernatural fiction,active,not_yet_audited,not_yet_audited,review_required,356,2065,c3ed23444fb483b34f8581703321bb10539b4e647ce3c7614fc60449fc0115f3,"Creator and title labels derive from the preserved corpus filename and, where available, an explicit file header; bibliographic verification remains ongoing."
BGH273,BGH273_Christina_Rossetti_The_Poor_Ghost.txt,Christina Rossetti,The Poor Ghost,,English,review_required,,,review_required,ghost/supernatural fiction,active,not_yet_audited,not_yet_audited,review_required,302,1565,5a338d4b4d4f4d1131ff05b285ee1a760f21efd257a8b4cfecdb19494d03dff7,"Creator and title labels derive from the preserved corpus filename and, where available, an explicit file header; bibliographic verification remains ongoing."
BGH274,BGH274_Christina_Rossetti_The_Ghost_s_Petition.txt,Christina Rossetti,The Ghost's Petition,,English,review_required,,,review_required,ghost/supernatural fiction,active,not_yet_audited,not_yet_audited,review_required,565,3208,96c4727b9d1c10e4dcd81d2954b12aca605b435625fc4d77e4d1ed3e81f403ef,"Creator and title labels derive from the preserved corpus filename and, where available, an explicit file header; bibliographic verification remains ongoing."
BGH275,BGH275_E_Nesbit_The_Ghost.txt,E Nesbit,The Ghost,,English,review_required,,,review_required,ghost/supernatural fiction,active,not_yet_audited,not_yet_audited,review_required,207,1312,98a4157f3f3a645086d9f97779e84dda1e47e403516ea802ee18a9aee6138f39,"Creator and title labels derive from the preserved corpus filename and, where available, an explicit file header; bibliographic verification remains ongoing."
BGH276,BGH276_E_Nesbit_The_Ghost_Bereft.txt,E Nesbit,The Ghost Bereft,,English,review_required,,,review_required,ghost/supernatural fiction,active,not_yet_audited,not_yet_audited,review_required,476,2815,43ee8a04aedf33a043ea28e7cc77232c32fa3caff89dc08793d46add239becb2,"Creator and title labels derive from the preserved corpus filename and, where available, an explicit file header; bibliographic verification remains ongoing."
BGH277,BGH277_E_Nesbit_Haunted.txt,E Nesbit,Haunted,,English,review_required,,,review_required,ghost/supernatural fiction,active,not_yet_audited,not_yet_audited,review_required,134,788,7d6f9a72e408143222cec940958bd77bc56b435fc30d800e3b1f998ac9001712,"Creator and title labels derive from the preserved corpus filename and, where available, an explicit file header; bibliographic verification remains ongoing."
BGH278,BGH278_Felicia_Hemans_A_Spirit_s_Return.txt,Felicia Hemans,A Spirit's Return,,English,review_required,,,review_required,ghost/supernatural fiction,active,not_yet_audited,not_yet_audited,review_required,2748,17199,a3605665b5fdc4cd8836034745278a48a4f2cb9d98dd0b99be56ed9702c8d387,"Creator and title labels derive from the preserved corpus filename and, where available, an explicit file header; bibliographic verification remains ongoing."
BGH279,BGH279_Felicia_Hemans_The_Haunted_House.txt,Felicia Hemans,The Haunted House,,English,review_required,,,review_required,ghost/supernatural fiction,active,not_yet_audited,not_yet_audited,review_required,447,2995,aec053ea19459f01a6cea21542792af42993b55d3fd23b9b99f5ee73c01aa80a,"Creator and title labels derive from the preserved corpus filename and, where available, an explicit file header; bibliographic verification remains ongoing."
BGH280,BGH280_Isabella_Valancy_Crawford_Old_Spookses_Pass.txt,Isabella Valancy Crawford,Old Spookses Pass,,English,review_required,,,review_required,ghost/supernatural fiction,active,not_yet_audited,not_yet_audited,review_required,5769,34492,f7356b42c37b29ab5ee360b5b1c10d9cc56b40efa5d7b3f8c5b28e084f3f194b,"Creator and title labels derive from the preserved corpus filename and, where available, an explicit file header; bibliographic verification remains ongoing."
BGH281,BGH281_Lanoe_Falconer_Cecilia_de_No_l.txt,Lanoe Falconer,Cecilia de No l,,English,review_required,,,review_required,ghost/supernatural fiction,active,not_yet_audited,not_yet_audited,review_required,32786,179342,e0297b772f60800d6f0bc5b409f71dd0ca1b72751bd4ff9db485d35188d82947,"Creator and title labels derive from the preserved corpus filename and, where available, an explicit file header; bibliographic verification remains ongoing."
BGH282,BGH282_May_Sinclair_The_Flaw_in_the_Crystal.txt,May Sinclair,The Flaw in the Crystal,,English,review_required,,,review_required,ghost/supernatural fiction,active,not_yet_audited,not_yet_audited,review_required,22054,119713,8ff0df63d8eec960641e5e29ef69b1e5e3ab845e8b073eb3811c6af0ae5c1edc,"Creator and title labels derive from the preserved corpus filename and, where available, an explicit file header; bibliographic verification remains ongoing."
BGH283,BGH283_Amelia_B_Edwards_The_Story_of_Salome.txt,Amelia B Edwards,The Story of Salome,,English,review_required,,,review_required,ghost/supernatural fiction,active,not_yet_audited,not_yet_audited,review_required,7886,43485,9623d7160d7cf9dbd215009d7f0cece9c7151146d1c92ea1ba6dea679244505c,"Creator and title labels derive from the preserved corpus filename and, where available, an explicit file header; bibliographic verification remains ongoing."
BGH284,BGH284_Amelia_B_Edwards_Sister_Johanna_s_Story.txt,Amelia B Edwards,Sister Johanna's Story,,English,review_required,,,review_required,ghost/supernatural fiction,active,not_yet_audited,not_yet_audited,review_required,5530,29659,48d9b046fd07952f10e2fcb93ce2a5c0ff83b2e773d88e862ff744cb2ce7829f,"Creator and title labels derive from the preserved corpus filename and, where available, an explicit file header; bibliographic verification remains ongoing."
BGH285,BGH285_Vernon_Lee_The_Legend_of_Madame_Krasinska.txt,Vernon Lee,The Legend of Madame Krasinska,,English,review_required,,,review_required,ghost/supernatural fiction,active,not_yet_audited,not_yet_audited,review_required,9584,55049,dc3081eefa0876b718324397336a3377f24056a17efb6ad8dbf9ae6b9362b3c5,"Creator and title labels derive from the preserved corpus filename and, where available, an explicit file header; bibliographic verification remains ongoing."
BGH286,BGH286_Charlotte_Riddell_Walnut_Tree_House.txt,Charlotte Riddell,Walnut Tree House,1882,English,review_required,,,review_required,ghost/supernatural fiction,active,not_yet_audited,not_yet_audited,review_required,9575,53158,94ea73f14ae139c40d438c9fc892c68549d58517b69153da88f6f36962ebf105,"Creator and title labels derive from the preserved corpus filename and, where available, an explicit file header; bibliographic verification remains ongoing."
BGH287,BGH287_Charlotte_Riddell_The_Open_Door.txt,Charlotte Riddell,The Open Door,1882,English,review_required,,,review_required,ghost/supernatural fiction,active,not_yet_audited,not_yet_audited,review_required,12476,66951,1b51017e552be4e3d93a5e8d12c9327c8f5344eee579370b31fd2a92542b5f2d,"Creator and title labels derive from the preserved corpus filename and, where available, an explicit file header; bibliographic verification remains ongoing."
BGH288,BGH288_Charlotte_Riddell_Nut_Bush_Farm.txt,Charlotte Riddell,Nut Bush Farm,1882,English,review_required,,,review_required,ghost/supernatural fiction,active,not_yet_audited,not_yet_audited,review_required,15437,83192,3ade59dbef3aa9bcea929c9222d67837ee09f763d83b1f7b7560f22b8dd1a7a6,"Creator and title labels derive from the preserved corpus filename and, where available, an explicit file header; bibliographic verification remains ongoing."
BGH289,BGH289_Charlotte_Riddell_The_Old_House_in_Vauxhall_Walk.txt,Charlotte Riddell,The Old House in Vauxhall Walk,1882,English,review_required,,,review_required,ghost/supernatural fiction,active,not_yet_audited,not_yet_audited,review_required,6813,37888,e089836b972988e1e3f9fbc6942f666c111c73f2a80b6ab29424da1485c72194,"Creator and title labels derive from the preserved corpus filename and, where available, an explicit file header; bibliographic verification remains ongoing."
BGH290,BGH290_Charlotte_Riddell_Sandy_the_Tinker.txt,Charlotte Riddell,Sandy the Tinker,1882,English,review_required,,,review_required,ghost/supernatural fiction,active,not_yet_audited,not_yet_audited,review_required,5070,27680,650e4524ea76cae43c176abcb32d668a109266fe28086e687772105936d79bbe,"Creator and title labels derive from the preserved corpus filename and, where available, an explicit file header; bibliographic verification remains ongoing."
BGH291,BGH291_Charlotte_Riddell_Old_Mrs_Jones.txt,Charlotte Riddell,Old Mrs Jones,1882,English,review_required,,,review_required,ghost/supernatural fiction,active,not_yet_audited,not_yet_audited,review_required,17731,98537,1b5fe0810cf48a91c6a11e007b22f96b5780da6d3619f3c2bb3b7b91c16c457b,"Creator and title labels derive from the preserved corpus filename and, where available, an explicit file header; bibliographic verification remains ongoing."
BGH292,BGH292_Charlotte_Riddell_Fairy_Water_A_Christmas_Story.txt,Charlotte Riddell,Fairy Water A Christmas Story,1873,English,review_required,,,review_required,ghost/supernatural fiction,active,not_yet_audited,not_yet_audited,review_required,53026,289628,e284f9319e46dbdf2e7d14d0101d3adf335cf312f83fd0dab4e257b87f9dbd2a,"Creator and title labels derive from the preserved corpus filename and, where available, an explicit file header; bibliographic verification remains ongoing."
BGH293,BGH293_Charlotte_Riddell_The_Haunted_River.txt,Charlotte Riddell,The Haunted River,1877,English,review_required,,,review_required,ghost/supernatural fiction,active,not_yet_audited,not_yet_audited,review_required,47157,258383,2b2a6704a0fa45c717dbbf47e1981e8feff6c21a59554464c4022e6031b619dd,"Creator and title labels derive from the preserved corpus filename and, where available, an explicit file header; bibliographic verification remains ongoing."
BGH294,BGH294_Charlotte_Riddell_The_Disappearance_of_Mr_Jeremiah_Redworth.txt,Charlotte Riddell,The Disappearance of Mr Jeremiah Redworth,1878,English,review_required,,,review_required,ghost/supernatural fiction,active,not_yet_audited,not_yet_audited,review_required,45761,255162,bed04aff108a978aca8efd7e259f03f4aa7b6dbde464b79853f1482e0353612e,"Creator and title labels derive from the preserved corpus filename and, where available, an explicit file header; bibliographic verification remains ongoing."
BGH295,BGH295_Lal_Behari_Day_The_Ghost_Brahman.txt,Lal Behari Day,The Ghost Brahman,,English,review_required,,,review_required,ghost/supernatural fiction,active,not_yet_audited,not_yet_audited,review_required,3763,19696,d67c0234add01487d3f428ede2cce64fa9b2a6d5dce693b0937a29e3c0116b09,"Creator and title labels derive from the preserved corpus filename and, where available, an explicit file header; bibliographic verification remains ongoing."
BGH296,BGH296_Lal_Behari_Day_A_Ghostly_Wife.txt,Lal Behari Day,A Ghostly Wife,,English,review_required,,,review_required,ghost/supernatural fiction,active,not_yet_audited,not_yet_audited,review_required,813,4393,de1778160e1974c62332f79268604ab5cedd437774e13621f6b581b6cc44bb0d,"Creator and title labels derive from the preserved corpus filename and, where available, an explicit file header; bibliographic verification remains ongoing."
BGH297,BGH297_Lal_Behari_Day_The_Story_of_a_Brahmadaitya.txt,Lal Behari Day,The Story of a Brahmadaitya,,English,review_required,,,review_required,ghost/supernatural fiction,active,not_yet_audited,not_yet_audited,review_required,1915,10271,7e6f1914d4f0e2d4a1c15557a29c8bcb0d5b0d3de0712636f796bfe4cefdd7cb,"Creator and title labels derive from the preserved corpus filename and, where available, an explicit file header; bibliographic verification remains ongoing."
BGH298,BGH298_Lal_Behari_Day_The_Ghost_Who_Was_Afraid_of_Being_Bagged.txt,Lal Behari Day,The Ghost Who Was Afraid of Being Bagged,,English,review_required,,,review_required,ghost/supernatural fiction,active,not_yet_audited,not_yet_audited,review_required,7732,42497,ef4b1496dde65a20b6f74e6f86397755bb3f14f81f322d1bd7bf593fe798fce6,"Creator and title labels derive from the preserved corpus filename and, where available, an explicit file header; bibliographic verification remains ongoing."
BGH299,BGH299_Violet_Hunt_The_Coach.txt,Violet Hunt,The Coach,,English,review_required,,,review_required,ghost/supernatural fiction,active,not_yet_audited,not_yet_audited,review_required,7366,41184,00dc90e34353320cd6dca4122c3171bc8c276b0a7835a76c2282ebca67d44e0d,"Creator and title labels derive from the preserved corpus filename and, where available, an explicit file header; bibliographic verification remains ongoing."
BGH300,BGH300_Mary_Elizabeth_Braddon_The_Cold_Embrace.txt,Mary Elizabeth Braddon,The Cold Embrace,,English,review_required,,,review_required,ghost/supernatural fiction,active,not_yet_audited,not_yet_audited,review_required,3507,19165,df5328f6d400e17e9a9ab804cc3148ac5c6a290e28bd3973800a8f3ed6247e1d,"Creator and title labels derive from the preserved corpus filename and, where available, an explicit file header; bibliographic verification remains ongoing."
BGH301,BGH301_Mary_Elizabeth_Braddon_The_Shadow_in_the_Corner.txt,Mary Elizabeth Braddon,The Shadow in the Corner,,English,review_required,,,review_required,ghost/supernatural fiction,active,not_yet_audited,not_yet_audited,review_required,7870,43957,96422c934d4419b4017cc68b819ba8b33c4456820accd45913a88847f17d5a40,"Creator and title labels derive from the preserved corpus filename and, where available, an explicit file header; bibliographic verification remains ongoing."
BGH302,BGH302_Mary_Elizabeth_Braddon_At_Chrighton_Abbey.txt,Mary Elizabeth Braddon,At Chrighton Abbey,,English,review_required,,,review_required,ghost/supernatural fiction,active,not_yet_audited,not_yet_audited,review_required,12281,67772,f9cc82df4a4793a2753254882cc35f6bfae60c104b0d1aef1f6d4d4e5355b636,"Creator and title labels derive from the preserved corpus filename and, where available, an explicit file header; bibliographic verification remains ongoing."
BGH303,BGH303_Mary_Elizabeth_Braddon_Eveline_s_Visitant.txt,Mary Elizabeth Braddon,Eveline's Visitant,,English,review_required,,,review_required,ghost/supernatural fiction,active,not_yet_audited,not_yet_audited,review_required,4129,21766,c485a3bdb33b849a3b3ed24993a87214b3e97ffb02bad2857ce61fcdfd9ecf2b,"Creator and title labels derive from the preserved corpus filename and, where available, an explicit file header; bibliographic verification remains ongoing."
BGH304,BGH304_Mary_Cholmondeley_Let_Loose.txt,Mary Cholmondeley,Let Loose,,English,review_required,,,review_required,ghost/supernatural fiction,active,not_yet_audited,not_yet_audited,review_required,7148,37638,f5829d6d97f1e83455d8864cd07404890b70160e3ec63adedcd02fef20f6e39b,"Creator and title labels derive from the preserved corpus filename and, where available, an explicit file header; bibliographic verification remains ongoing."
BGH305,BGH305_Rosa_Mulholland_The_Haunted_Organist_of_Hurly_Burly.txt,Rosa Mulholland,The Haunted Organist of Hurly Burly,,English,review_required,,,review_required,ghost/supernatural fiction,active,not_yet_audited,not_yet_audited,review_required,5281,29114,b8765eaa9678313ac537a7d57127df0fcd61171bed5013a9a17ec80ebfad1957,"Creator and title labels derive from the preserved corpus filename and, where available, an explicit file header; bibliographic verification remains ongoing."
BGH306,BGH306_E_and_H_Heron_Kate_O_Brien_Ryall_Prichard_The_Story_of_Saddler_s_Croft.txt,E. and H. Heron (Kate O’Brien Ryall Prichard),The Story of Saddler's Croft,,English,review_required,,,review_required,ghost/supernatural fiction,active,not_yet_audited,not_yet_audited,review_required,5186,29013,34855bff4efb373b8e3fab6f3024999005fe38d79639de0e6f95c36a6d692c6d,"Creator and title labels derive from the preserved corpus filename and, where available, an explicit file header; bibliographic verification remains ongoing."
BGH307,BGH307_E_and_H_Heron_Kate_O_Brien_Ryall_Prichard_The_Story_of_Baelbrow.txt,E. and H. Heron (Kate O’Brien Ryall Prichard),The Story of Baelbrow,,English,review_required,,,review_required,ghost/supernatural fiction,active,not_yet_audited,not_yet_audited,review_required,4938,27430,8178cc38f5a9022f9c890358a9f524aa50e3ccc97934a5fce6cc8ab4acfc4e99,"Creator and title labels derive from the preserved corpus filename and, where available, an explicit file header; bibliographic verification remains ongoing."
BGH308,BGH308_E_and_H_Heron_Kate_O_Brien_Ryall_Prichard_The_Story_of_Yand_Manor_House.txt,E. and H. Heron (Kate O’Brien Ryall Prichard),The Story of Yand Manor House,,English,review_required,,,review_required,ghost/supernatural fiction,active,not_yet_audited,not_yet_audited,review_required,4848,27231,8f03b162319b696cbfc36b6f81ec69f8bd48fd6b111a4224d563a7ad5b843287,"Creator and title labels derive from the preserved corpus filename and, where available, an explicit file header; bibliographic verification remains ongoing."
BGH309,BGH309_E_and_H_Heron_Kate_O_Brien_Ryall_Prichard_The_Story_of_the_Spaniards_Hammersmith.txt,E. and H. Heron (Kate O’Brien Ryall Prichard),The Story of the Spaniards Hammersmith,,English,review_required,,,review_required,ghost/supernatural fiction,active,not_yet_audited,not_yet_audited,review_required,5222,29200,1204e9292994401b90baafe50e6d1b667bf20249055376d47498f94f6199e63b,"Creator and title labels derive from the preserved corpus filename and, where available, an explicit file header; bibliographic verification remains ongoing."
BGH310,BGH310_E_and_H_Heron_Kate_O_Brien_Ryall_Prichard_The_Story_of_Sevens_Hall.txt,E. and H. Heron (Kate O’Brien Ryall Prichard),The Story of Sevens Hall,,English,review_required,,,review_required,ghost/supernatural fiction,active,not_yet_audited,not_yet_audited,review_required,4586,25378,adc20f9526fbabee1493c3bf113d09ad85413b60a37796042cfd9e67ccd46ded,"Creator and title labels derive from the preserved corpus filename and, where available, an explicit file header; bibliographic verification remains ongoing."
BGH311,BGH311_Louisa_Baldwin_The_Shadow_on_the_Blind.txt,Louisa Baldwin,The Shadow on the Blind,,English,review_required,,,review_required,ghost/supernatural fiction,active,not_yet_audited,not_yet_audited,review_required,8612,48014,d4ba52594712e37369cd49af252fe0e8e68930e9eb3db8353b698e6b34c47eae,"Creator and title labels derive from the preserved corpus filename and, where available, an explicit file header; bibliographic verification remains ongoing."
BGH312,BGH312_Dinah_Maria_Craik_A_Dreadful_Ghost.txt,Dinah Maria Craik,A Dreadful Ghost,,English,review_required,,,review_required,ghost/supernatural fiction,active,not_yet_audited,not_yet_audited,review_required,3854,21923,cda10e6ca340cc48aec48228849682160bf86e3058e9db85875525fd55f9b0d6,"Creator and title labels derive from the preserved corpus filename and, where available, an explicit file header; bibliographic verification remains ongoing."
BGH313,BGH313_Dinah_Maria_Craik_The_Last_House_in_C_Street.txt,Dinah Maria Craik,The Last House in C Street,,English,review_required,,,review_required,ghost/supernatural fiction,active,not_yet_audited,not_yet_audited,review_required,4455,24393,a44c1e993369c7ea1169e940fbbd4ff090472e360df4ce0a9d6d3ea5c516aa98,"Creator and title labels derive from the preserved corpus filename and, where available, an explicit file header; bibliographic verification remains ongoing."
BGH314,BGH314_Lettice_Galbraith_Lizzie_Susan_Gibson_A_Ghosts_Revenge.txt,Lettice Galbraith (Lizzie Susan Gibson),A Ghosts Revenge,,English,review_required,,,review_required,ghost/supernatural fiction,active,not_yet_audited,not_yet_audited,review_required,8024,45403,e5e751e204fa07b55260d3d0007c8b6e7d68306b678fd4c6a76e34c68d562ab2,"Creator and title labels derive from the preserved corpus filename and, where available, an explicit file header; bibliographic verification remains ongoing."
BGH315,BGH315_Lettice_Galbraith_Lizzie_Susan_Gibson_The_Trainers_Ghost.txt,Lettice Galbraith (Lizzie Susan Gibson),The Trainers Ghost,,English,review_required,,,review_required,ghost/supernatural fiction,active,not_yet_audited,not_yet_audited,review_required,5885,32874,83bc8f7466d26c03cdc3bf08f34c324f6729ee77ac953d40e4a1fccfaf63d31c,"Creator and title labels derive from the preserved corpus filename and, where available, an explicit file header; bibliographic verification remains ongoing."
BGH316,BGH316_Lettice_Galbraith_Lizzie_Susan_Gibson_The_Case_of_Lady_Lukestan.txt,Lettice Galbraith (Lizzie Susan Gibson),The Case of Lady Lukestan,,English,review_required,,,review_required,ghost/supernatural fiction,active,not_yet_audited,not_yet_audited,review_required,7659,43930,d54d0a5e375ccd3e8b569ff7654670fdf9e782dd160da40c6114c54720a85ac3,"Creator and title labels derive from the preserved corpus filename and, where available, an explicit file header; bibliographic verification remains ongoing."
BGH317,BGH317_Ada_Buisson_The_Ghosts_Summons.txt,Ada Buisson,The Ghosts Summons,,English,review_required,,,review_required,ghost/supernatural fiction,active,not_yet_audited,not_yet_audited,review_required,2366,13165,11fd3a0a133b8424c1ef0898acc17ff8fa433a4ea7e918cf48e751e569a697e7,"Creator and title labels derive from the preserved corpus filename and, where available, an explicit file header; bibliographic verification remains ongoing."
BGH318,BGH318_Horace_Walpole_The_Castle_of_Otranto.txt,Horace Walpole,The Castle of Otranto,,English,review_required,,,review_required,ghost/supernatural fiction,active,not_yet_audited,not_yet_audited,review_required,36071,211545,a32a5afddacb8b8d47685e1fedb69b74eaa4e8311f930ffbc0b776f24d779518,"Creator and title labels derive from the preserved corpus filename and, where available, an explicit file header; bibliographic verification remains ongoing."
BGH319,BGH319_Walter_Scott_My_Aunt_Margarets_Mirror.txt,Walter Scott,My Aunt Margarets Mirror,,English,review_required,,,review_required,ghost/supernatural fiction,active,not_yet_audited,not_yet_audited,review_required,13417,78436,8466ef5e327e7186ad1b970bfac79818935f2548c3b5991c7e1ff6bdb592d8e1,"Creator and title labels derive from the preserved corpus filename and, where available, an explicit file header; bibliographic verification remains ongoing."
BGH320,BGH320_Matthew_Gregory_Lewis_The_Monk_A_Romance.txt,Matthew Gregory Lewis,The Monk A Romance,,English,review_required,,,review_required,ghost/supernatural fiction,active,not_yet_audited,not_yet_audited,review_required,137174,794561,c8d946a1b6ef8ff189d9a1e0895f061ac71aae40363bbb7e070806c2147b9be7,"Creator and title labels derive from the preserved corpus filename and, where available, an explicit file header; bibliographic verification remains ongoing."
